{"stats":{"minecraft:used":{"minecraft:stone_pickaxe":99,"minecraft:oak_planks":4,"minecraft:wooden_pickaxe":12,"minecraft:dirt":10,"minecraft:crafting_table":3,"minecraft:iron_axe":50,"minecraft:bread":4,"minecraft:iron_pickaxe":55,"minecraft:furnace":1},"minecraft:crafted":{"minecraft:oak_planks":40,"minecraft:crafting_table":3,"minecraft:wooden_pickaxe":1,"minecraft:iron_sword":1,"minecraft:furnace":1,"minecraft:bread":36,"minecraft:air":0,"minecraft:iron_boots":1,"minecraft:iron_chestplate":1,"minecraft:shield":1,"minecraft:iron_axe":2,"minecraft:stick":20,"minecraft:iron_ingot":32,"minecraft:iron_pickaxe":2,"minecraft:stone_pickaxe":1,"minecraft:wheat":108},"minecraft:picked_up":{"minecraft:stripped_oak_log":4,"minecraft:pink_petals":29,"minecraft:crafting_table":2,"minecraft:wooden_pickaxe":4,"minecraft:oak_log":61,"minecraft:lapis_lazuli":66,"minecraft:dirt":30,"minecraft:raw_copper":90,"minecraft:iron_axe":3,"minecraft:bone":2,"minecraft:apple":6,"minecraft:wheat_seeds":6,"minecraft:stone_pickaxe":4,"minecraft:iron_ingot":5,"minecraft:iron_pickaxe":1,"minecraft:oak_planks":28,"minecraft:raw_iron":48,"minecraft:blast_furnace":4,"minecraft:leather_helmet":6,"minecraft:rotten_flesh":6,"minecraft:hay_block":72,"minecraft:gray_wool":1,"minecraft:emerald":5,"minecraft:bread":12,"minecraft:oak_sapling":6,"minecraft:mutton":6,"minecraft:coal":34,"minecraft:cobblestone":113,"minecraft:white_wool":3,"minecraft:sunflower":24},"minecraft:mined":{"minecraft:crafting_table":2,"minecraft:blast_furnace":1,"minecraft:grass_block":7,"minecraft:copper_ore":14,"minecraft:cobblestone":12,"minecraft:lapis_ore":5,"minecraft:oak_planks":1,"minecraft:hay_block":12,"minecraft:iron_ore":31,"minecraft:grass":10,"minecraft:coal_ore":19,"minecraft:oak_log":38,"minecraft:deepslate_iron_ore":1,"minecraft:sunflower":12,"minecraft:dirt":4,"minecraft:stripped_oak_log":4,"minecraft:stone":49,"minecraft:oak_leaves":12},"minecraft:killed":{"minecraft:sheep":4,"minecraft:zombie":3},"minecraft:custom":{"minecraft:interact_with_furnace":4,"minecraft:mob_kills":7,"minecraft:interact_with_crafting_table":10,"minecraft:time_since_death":2847,"minecraft:time_since_rest":2884,"minecraft:sprint_one_cm":107137,"minecraft:damage_taken":3219,"minecraft:walk_one_cm":52938,"minecraft:damage_dealt":1022,"minecraft:swim_one_cm":1946,"minecraft:fly_one_cm":215432,"minecraft:open_chest":1,"minecraft:crouch_one_cm":9515,"minecraft:play_time":40608,"minecraft:deaths":11,"minecraft:sneak_time":4389,"minecraft:walk_under_water_one_cm":422,"minecraft:jump":1138,"minecraft:walk_on_water_one_cm":944,"minecraft:total_world_time":40608,"minecraft:fall_one_cm":29097},"minecraft:killed_by":{"minecraft:skeleton":6,"minecraft:zombie":4}},"DataVersion":3465}