{"stats":{"minecraft:killed_by":{"minecraft:husk":2,"naturalist:rattlesnake":1,"minecraft:cave_spider":1},"minecraft:custom":{"minecraft:open_barrel":2,"minecraft:open_chest":44,"minecraft:time_since_rest":8041,"minecraft:damage_taken":1351,"minecraft:play_time":27630,"minecraft:crouch_one_cm":3009,"minecraft:sprint_one_cm":57098,"minecraft:walk_one_cm":32747,"minecraft:deaths":4,"minecraft:sneak_time":937,"minecraft:walk_under_water_one_cm":167,"minecraft:jump":523,"minecraft:damage_dealt":26,"minecraft:leave_game":7,"minecraft:time_since_death":16526,"minecraft:walk_on_water_one_cm":2168,"minecraft:sleep_in_bed":2,"minecraft:total_world_time":27630,"minecraft:climb_one_cm":2417,"minecraft:swim_one_cm":13019,"minecraft:talked_to_villager":1,"minecraft:fall_one_cm":19611,"minecraft:fly_one_cm":132677},"minecraft:used":{"minecraft:sand":44},"minecraft:mined":{"minecraft:potatoes":10,"minecraft:beetroots":3,"minecraft:dead_bush":12,"minecraft:carrots":9,"minecraft:sand":54,"minecraft:wheat":2,"minecraft:sugar_cane":4},"minecraft:picked_up":{"minecraft:stick":17,"minecraft:wheat":2,"minecraft:rotten_flesh":2,"minecraft:beetroot":2,"minecraft:beetroot_seeds":7,"minecraft:wheat_seeds":6,"minecraft:potato":12,"minecraft:sand":64,"minecraft:carrot":13,"minecraft:sugar_cane":7}},"DataVersion":3465}