{"stats":{"minecraft:used":{"minecraft:stone_pickaxe":99,"minecraft:oak_planks":50,"minecraft:wooden_pickaxe":12,"minecraft:iron_sword":6,"minecraft:iron_chestplate":1,"minecraft:dirt":11,"minecraft:crafting_table":3,"minecraft:iron_axe":55,"minecraft:bread":7,"minecraft:iron_pickaxe":66,"minecraft:iron_boots":1,"minecraft:furnace":1},"minecraft:crafted":{"minecraft:oak_planks":168,"minecraft:crafting_table":3,"minecraft:wooden_pickaxe":1,"minecraft:iron_sword":1,"minecraft:furnace":1,"minecraft:bread":36,"minecraft:air":0,"minecraft:iron_boots":1,"minecraft:iron_chestplate":1,"minecraft:shield":1,"minecraft:iron_axe":2,"minecraft:stick":20,"minecraft:iron_ingot":32,"minecraft:iron_pickaxe":2,"minecraft:stone_pickaxe":1,"minecraft:wheat":108},"minecraft:picked_up":{"minecraft:stripped_oak_log":4,"minecraft:pink_petals":116,"minecraft:iron_chestplate":2,"minecraft:crafting_table":2,"minecraft:clay_ball":8,"minecraft:wooden_pickaxe":4,"minecraft:oak_log":93,"minecraft:shield":2,"minecraft:lapis_lazuli":132,"minecraft:dirt":70,"minecraft:raw_copper":168,"minecraft:iron_axe":5,"minecraft:bone":4,"minecraft:apple":6,"minecraft:wheat_seeds":12,"minecraft:stone_pickaxe":6,"minecraft:iron_ingot":5,"minecraft:calcite":6,"minecraft:cyan_candle":3,"minecraft:iron_pickaxe":4,"minecraft:coal_block":1,"minecraft:sugar_cane":9,"minecraft:iron_sword":2,"minecraft:oak_planks":140,"minecraft:iron_boots":3,"minecraft:book":9,"minecraft:stick":6,"minecraft:raw_iron":48,"minecraft:blast_furnace":4,"minecraft:carrot":6,"minecraft:nether_brick_slab":6,"minecraft:leather_helmet":8,"minecraft:arrow":2,"minecraft:rotten_flesh":12,"minecraft:pumpkin_pie":4,"minecraft:hay_block":72,"minecraft:gray_wool":3,"minecraft:emerald":5,"minecraft:bread":114,"minecraft:oak_sapling":6,"minecraft:mutton":24,"minecraft:coal":38,"minecraft:cobblestone":113,"minecraft:white_wool":3,"minecraft:sunflower":30},"minecraft:mined":{"minecraft:clay":1,"minecraft:crafting_table":2,"minecraft:blast_furnace":1,"minecraft:grass_block":9,"minecraft:calcite":4,"minecraft:nether_brick_slab":3,"minecraft:coal_block":1,"minecraft:copper_ore":14,"minecraft:cobblestone":12,"minecraft:lapis_ore":5,"minecraft:sugar_cane":1,"minecraft:oak_planks":3,"minecraft:spawner":1,"minecraft:hay_block":12,"minecraft:iron_ore":31,"minecraft:grass":10,"minecraft:bookshelf":3,"minecraft:coal_ore":19,"minecraft:oak_log":38,"minecraft:deepslate_iron_ore":1,"minecraft:sunflower":15,"minecraft:dirt":4,"minecraft:stripped_oak_log":4,"minecraft:stone":49,"minecraft:cyan_candle":1,"minecraft:oak_leaves":12},"minecraft:killed":{"minecraft:skeleton":1,"minecraft:sheep":4,"minecraft:zombie":3},"minecraft:custom":{"minecraft:interact_with_furnace":4,"minecraft:mob_kills":8,"minecraft:interact_with_crafting_table":10,"minecraft:open_barrel":2,"minecraft:time_since_death":3704,"minecraft:time_since_rest":3910,"minecraft:sprint_one_cm":143875,"minecraft:damage_taken":4091,"minecraft:walk_one_cm":71237,"minecraft:damage_dealt":1230,"minecraft:swim_one_cm":1946,"minecraft:fly_one_cm":284190,"minecraft:open_chest":3,"minecraft:crouch_one_cm":12803,"minecraft:play_time":52608,"minecraft:deaths":14,"minecraft:sneak_time":5527,"minecraft:walk_under_water_one_cm":422,"minecraft:jump":1512,"minecraft:walk_on_water_one_cm":1003,"minecraft:total_world_time":52608,"minecraft:fall_one_cm":42818},"minecraft:killed_by":{"minecraft:skeleton":8,"minecraft:zombie":4}},"DataVersion":3465}