{"stats":{"minecraft:used":{"minecraft:stone_pickaxe":92,"minecraft:oak_planks":4,"minecraft:wooden_pickaxe":12,"minecraft:crafting_table":1},"minecraft:crafted":{"minecraft:oak_planks":20,"minecraft:crafting_table":1,"minecraft:stick":8,"minecraft:wooden_pickaxe":1,"minecraft:stone_pickaxe":1},"minecraft:picked_up":{"minecraft:raw_iron":47,"minecraft:crafting_table":1,"minecraft:wooden_pickaxe":3,"minecraft:oak_log":5,"minecraft:blast_furnace":4,"minecraft:lapis_lazuli":7,"minecraft:leather_helmet":3,"minecraft:raw_copper":51,"minecraft:bone":1,"minecraft:rotten_flesh":2,"minecraft:apple":5,"minecraft:wheat_seeds":4,"minecraft:hay_block":60,"minecraft:stone_pickaxe":3,"minecraft:bread":12,"minecraft:emerald":4,"minecraft:oak_planks":28,"minecraft:coal":20,"minecraft:cobblestone":34},"minecraft:mined":{"minecraft:hay_block":12,"minecraft:iron_ore":30,"minecraft:crafting_table":1,"minecraft:grass":2,"minecraft:blast_furnace":1,"minecraft:oak_log":5,"minecraft:coal_ore":5,"minecraft:deepslate_iron_ore":1,"minecraft:copper_ore":14,"minecraft:cobblestone":12,"minecraft:lapis_ore":1,"minecraft:stone":8,"minecraft:oak_planks":1,"minecraft:oak_leaves":2},"minecraft:killed":{"minecraft:zombie":3},"minecraft:custom":{"minecraft:time_since_rest":4201,"minecraft:sprint_one_cm":44263,"minecraft:damage_taken":1171,"minecraft:walk_one_cm":26710,"minecraft:mob_kills":3,"minecraft:damage_dealt":670,"minecraft:interact_with_crafting_table":3,"minecraft:fly_one_cm":67781,"minecraft:open_chest":1,"minecraft:crouch_one_cm":5726,"minecraft:play_time":16608,"minecraft:deaths":4,"minecraft:sneak_time":2726,"minecraft:jump":393,"minecraft:walk_on_water_one_cm":353,"minecraft:time_since_death":4060,"minecraft:total_world_time":16608,"minecraft:fall_one_cm":8774},"minecraft:killed_by":{"minecraft:skeleton":2,"minecraft:zombie":2}},"DataVersion":3465}