{"stats":{"minecraft:used":{"minecraft:spruce_planks":7,"minecraft:shield":6,"minecraft:iron_sword":90,"minecraft:iron_chestplate":1,"minecraft:dirt":11,"minecraft:nether_brick_slab":1,"minecraft:cyan_wool":4,"minecraft:dark_oak_planks":3,"minecraft:iron_axe":163,"minecraft:iron_boots":1,"minecraft:furnace":1,"minecraft:mangrove_slab":1,"minecraft:calcite":9,"minecraft:cooked_mutton":1,"minecraft:stone_pickaxe":99,"minecraft:oak_planks":151,"minecraft:red_nether_bricks":14,"minecraft:andesite_slab":1,"minecraft:wooden_pickaxe":12,"minecraft:smooth_quartz_stairs":2,"minecraft:crafting_table":3,"minecraft:crossbow":2,"minecraft:apple":1,"minecraft:bread":14,"minecraft:iron_pickaxe":150,"minecraft:pumpkin_pie":3,"minecraft:gray_wool":2,"minecraft:experience_bottle":12},"minecraft:crafted":{"minecraft:oak_planks":168,"minecraft:coal":9,"minecraft:furnace":1,"minecraft:iron_boots":1,"minecraft:iron_axe":2,"minecraft:stone_pickaxe":1,"minecraft:wheat":108,"minecraft:crafting_table":3,"minecraft:wooden_pickaxe":1,"minecraft:iron_sword":1,"minecraft:bread":36,"minecraft:air":0,"minecraft:iron_chestplate":1,"minecraft:shield":1,"minecraft:stick":20,"minecraft:iron_ingot":32,"minecraft:iron_pickaxe":2},"minecraft:dropped":{"minecraft:dark_oak_fence":1,"minecraft:rotten_flesh":11,"minecraft:calcite":3},"minecraft:picked_up":{"minecraft:birch_door":4,"minecraft:crafting_table":2,"minecraft:iron_chestplate":6,"minecraft:ladder":1,"minecraft:iron_trapdoor":1,"minecraft:clay_ball":8,"minecraft:wooden_pickaxe":4,"minecraft:potion":3,"minecraft:shield":6,"minecraft:iron_axe":11,"minecraft:dark_oak_trapdoor":4,"minecraft:raw_copper":324,"minecraft:red_nether_bricks":21,"minecraft:item_frame":8,"minecraft:cyan_carpet":20,"minecraft:cyan_wool":4,"minecraft:calcite":18,"minecraft:player_head":2,"minecraft:iron_pickaxe":7,"minecraft:lectern":1,"minecraft:sugar_cane":9,"minecraft:coal_block":7,"minecraft:smooth_quartz_stairs":11,"minecraft:iron_boots":12,"minecraft:stick":6,"minecraft:raw_iron":48,"minecraft:stripped_mangrove_wood":7,"minecraft:jukebox":2,"minecraft:oak_fence":4,"minecraft:lightning_rod":2,"minecraft:diorite":2,"minecraft:carrot":70,"minecraft:goat_horn":1,"minecraft:dark_oak_planks":11,"minecraft:arrow":26,"minecraft:rotten_flesh":23,"minecraft:pumpkin_pie":25,"minecraft:hay_block":72,"minecraft:stripped_dark_oak_wood":8,"minecraft:gold_ingot":12,"minecraft:glistering_melon_slice":12,"minecraft:mutton":54,"minecraft:white_wool":3,"minecraft:cobblestone":116,"minecraft:stripped_oak_log":4,"minecraft:pink_petals":203,"minecraft:potato":6,"minecraft:mushroom_stew":5,"minecraft:oak_log":93,"minecraft:lapis_lazuli":264,"minecraft:mangrove_slab":3,"minecraft:dirt":126,"minecraft:white_banner":1,"minecraft:cooked_mutton":1,"minecraft:bone":11,"minecraft:apple":6,"minecraft:wheat_seeds":12,"minecraft:stone_pickaxe":6,"minecraft:iron_ingot":30,"minecraft:cyan_candle":15,"minecraft:oak_planks":459,"minecraft:iron_sword":8,"minecraft:purple_concrete":4,"minecraft:book":333,"minecraft:blast_furnace":22,"minecraft:nether_brick_slab":7,"minecraft:spruce_door":1,"minecraft:leather_helmet":14,"minecraft:gray_wool":5,"minecraft:bread":312,"minecraft:emerald":5,"minecraft:oak_sapling":6,"minecraft:dark_oak_fence":1,"minecraft:coal":109,"minecraft:andesite_slab":1,"minecraft:sunflower":45},"minecraft:mined":{"minecraft:dark_oak_planks":7,"minecraft:red_nether_bricks":21,"minecraft:ladder":2,"minecraft:dark_oak_fence":1,"minecraft:grass_block":9,"minecraft:coal_block":1,"minecraft:spawner":3,"minecraft:hay_block":12,"minecraft:black_stained_glass_pane":4,"minecraft:dark_oak_trapdoor":5,"minecraft:iron_ore":31,"minecraft:stripped_dark_oak_wood":11,"minecraft:polished_deepslate":2,"minecraft:bookshelf":43,"minecraft:deepslate_iron_ore":1,"minecraft:stripped_oak_log":4,"minecraft:smooth_quartz_stairs":12,"minecraft:stone":57,"minecraft:stripped_mangrove_wood":9,"minecraft:player_head":1,"minecraft:spruce_door":1,"minecraft:oak_fence":4,"minecraft:crafting_table":2,"minecraft:clay":1,"minecraft:blast_furnace":4,"minecraft:calcite":18,"minecraft:nether_brick_slab":4,"minecraft:lectern":1,"minecraft:lightning_rod":2,"minecraft:smooth_quartz_slab":1,"minecraft:copper_ore":14,"minecraft:cobblestone":12,"minecraft:lapis_ore":5,"minecraft:oak_planks":14,"minecraft:sugar_cane":1,"minecraft:diorite":4,"minecraft:cyan_wool":4,"minecraft:gray_wool":3,"minecraft:jukebox":1,"minecraft:purple_concrete":2,"minecraft:birch_door":1,"minecraft:white_wall_banner":1,"minecraft:grass":11,"minecraft:mangrove_slab":2,"minecraft:coal_ore":24,"minecraft:oak_log":38,"minecraft:sunflower":15,"minecraft:cyan_carpet":11,"minecraft:dirt":4,"minecraft:cyan_candle":1,"minecraft:oak_leaves":12,"minecraft:iron_trapdoor":1},"minecraft:killed":{"minecraft:skeleton":2,"minecraft:husk":10,"minecraft:frog":1,"minecraft:sheep":4,"minecraft:zombie":3},"minecraft:custom":{"minecraft:mob_kills":20,"minecraft:interact_with_crafting_table":10,"minecraft:open_barrel":15,"minecraft:leave_game":2,"minecraft:time_since_death":22841,"minecraft:climb_one_cm":682,"minecraft:sprint_one_cm":231117,"minecraft:walk_one_cm":195516,"minecraft:damage_blocked_by_shield":375,"minecraft:drop":5,"minecraft:play_time":116723,"minecraft:deaths":23,"minecraft:sneak_time":14693,"minecraft:walk_under_water_one_cm":912,"minecraft:jump":2095,"minecraft:walk_on_water_one_cm":2573,"minecraft:total_world_time":116723,"minecraft:interact_with_furnace":4,"minecraft:time_since_rest":22903,"minecraft:damage_taken":7167,"minecraft:damage_dealt":5322,"minecraft:swim_one_cm":11139,"minecraft:fly_one_cm":389124,"minecraft:open_chest":38,"minecraft:crouch_one_cm":34862,"minecraft:fall_one_cm":58365},"minecraft:killed_by":{"minecraft:husk":7,"minecraft:pillager":2,"minecraft:skeleton":8,"minecraft:zombie":4}},"DataVersion":3465}