{"stats":{"minecraft:killed_by":{"minecraft:husk":2,"naturalist:rattlesnake":1,"minecraft:cave_spider":1},"minecraft:custom":{"minecraft:open_barrel":2,"minecraft:time_since_rest":4056,"minecraft:open_chest":5,"minecraft:crouch_one_cm":2953,"minecraft:damage_taken":1291,"minecraft:sprint_one_cm":39534,"minecraft:play_time":15113,"minecraft:deaths":4,"minecraft:walk_one_cm":14815,"minecraft:sneak_time":928,"minecraft:walk_under_water_one_cm":167,"minecraft:jump":436,"minecraft:damage_dealt":26,"minecraft:leave_game":5,"minecraft:time_since_death":4009,"minecraft:walk_on_water_one_cm":2168,"minecraft:sleep_in_bed":1,"minecraft:total_world_time":15113,"minecraft:swim_one_cm":13019,"minecraft:fall_one_cm":16756,"minecraft:fly_one_cm":116209},"minecraft:used":{"minecraft:sand":44},"minecraft:mined":{"minecraft:dead_bush":12,"minecraft:sand":54,"minecraft:sugar_cane":4},"minecraft:picked_up":{"minecraft:stick":17,"minecraft:sand":64,"minecraft:sugar_cane":7}},"DataVersion":3465}