{"stats":{"minecraft:crafted":{"minecraft:oak_planks":168,"minecraft:crafting_table":3,"minecraft:wooden_pickaxe":1,"minecraft:iron_sword":1,"minecraft:furnace":1,"minecraft:bread":36,"minecraft:air":0,"minecraft:iron_boots":1,"minecraft:iron_chestplate":1,"minecraft:shield":1,"minecraft:iron_axe":2,"minecraft:stick":20,"minecraft:iron_ingot":32,"minecraft:iron_pickaxe":2,"minecraft:stone_pickaxe":1,"minecraft:wheat":108},"minecraft:used":{"minecraft:calcite":1,"minecraft:cooked_mutton":1,"minecraft:stone_pickaxe":99,"minecraft:oak_planks":79,"minecraft:wooden_pickaxe":12,"minecraft:shield":2,"minecraft:iron_sword":6,"minecraft:iron_chestplate":1,"minecraft:dirt":11,"minecraft:crafting_table":3,"minecraft:iron_axe":68,"minecraft:bread":7,"minecraft:iron_pickaxe":75,"minecraft:iron_boots":1,"minecraft:furnace":1},"minecraft:picked_up":{"minecraft:stripped_oak_log":4,"minecraft:iron_chestplate":4,"minecraft:pink_petals":174,"minecraft:crafting_table":2,"minecraft:birch_door":3,"minecraft:clay_ball":8,"minecraft:wooden_pickaxe":4,"minecraft:potato":4,"minecraft:potion":1,"minecraft:mushroom_stew":4,"minecraft:oak_log":93,"minecraft:shield":5,"minecraft:lapis_lazuli":231,"minecraft:dirt":109,"minecraft:raw_copper":246,"minecraft:iron_axe":10,"minecraft:item_frame":6,"minecraft:cooked_mutton":1,"minecraft:bone":4,"minecraft:cyan_carpet":16,"minecraft:apple":6,"minecraft:wheat_seeds":12,"minecraft:iron_ingot":25,"minecraft:stone_pickaxe":6,"minecraft:player_head":1,"minecraft:calcite":7,"minecraft:cyan_candle":12,"minecraft:iron_pickaxe":6,"minecraft:coal_block":6,"minecraft:sugar_cane":9,"minecraft:iron_sword":7,"minecraft:oak_planks":387,"minecraft:iron_boots":8,"minecraft:book":162,"minecraft:raw_iron":48,"minecraft:stick":6,"minecraft:stripped_mangrove_wood":2,"minecraft:blast_furnace":19,"minecraft:carrot":48,"minecraft:nether_brick_slab":6,"minecraft:leather_helmet":12,"minecraft:dark_oak_planks":4,"minecraft:arrow":10,"minecraft:rotten_flesh":12,"minecraft:pumpkin_pie":18,"minecraft:hay_block":72,"minecraft:gray_wool":3,"minecraft:emerald":5,"minecraft:glistering_melon_slice":9,"minecraft:gold_ingot":9,"minecraft:bread":279,"minecraft:oak_sapling":6,"minecraft:mutton":48,"minecraft:coal":98,"minecraft:cobblestone":113,"minecraft:white_wool":3,"minecraft:sunflower":42},"minecraft:mined":{"minecraft:dark_oak_planks":2,"minecraft:clay":1,"minecraft:crafting_table":2,"minecraft:ladder":1,"minecraft:blast_furnace":4,"minecraft:grass_block":9,"minecraft:calcite":5,"minecraft:nether_brick_slab":3,"minecraft:coal_block":1,"minecraft:copper_ore":14,"minecraft:cobblestone":12,"minecraft:lapis_ore":5,"minecraft:sugar_cane":1,"minecraft:oak_planks":3,"minecraft:spawner":1,"minecraft:hay_block":12,"minecraft:black_stained_glass_pane":2,"minecraft:iron_ore":31,"minecraft:grass":10,"minecraft:bookshelf":9,"minecraft:oak_log":38,"minecraft:coal_ore":24,"minecraft:deepslate_iron_ore":1,"minecraft:sunflower":15,"minecraft:cyan_carpet":11,"minecraft:dirt":4,"minecraft:stripped_oak_log":4,"minecraft:stripped_mangrove_wood":1,"minecraft:stone":49,"minecraft:player_head":1,"minecraft:oak_leaves":12,"minecraft:cyan_candle":1},"minecraft:killed":{"minecraft:sheep":4,"minecraft:skeleton":1,"minecraft:zombie":3},"minecraft:custom":{"minecraft:interact_with_furnace":4,"minecraft:mob_kills":8,"minecraft:interact_with_crafting_table":10,"minecraft:open_barrel":8,"minecraft:leave_game":1,"minecraft:time_since_death":163,"minecraft:climb_one_cm":682,"minecraft:time_since_rest":335,"minecraft:sprint_one_cm":149092,"minecraft:damage_taken":6095,"minecraft:walk_one_cm":94750,"minecraft:damage_blocked_by_shield":195,"minecraft:damage_dealt":1288,"minecraft:swim_one_cm":1946,"minecraft:fly_one_cm":285118,"minecraft:open_chest":3,"minecraft:crouch_one_cm":16362,"minecraft:play_time":62342,"minecraft:deaths":21,"minecraft:sneak_time":6932,"minecraft:walk_under_water_one_cm":422,"minecraft:jump":1556,"minecraft:walk_on_water_one_cm":1003,"minecraft:total_world_time":62342,"minecraft:fall_one_cm":43302},"minecraft:killed_by":{"minecraft:husk":7,"minecraft:skeleton":8,"minecraft:zombie":4}},"DataVersion":3465}