{"stats":{"minecraft:crafted":{"minecraft:oak_planks":168,"minecraft:crafting_table":3,"minecraft:wooden_pickaxe":1,"minecraft:iron_sword":1,"minecraft:furnace":1,"minecraft:bread":36,"minecraft:air":0,"minecraft:iron_boots":1,"minecraft:iron_chestplate":1,"minecraft:shield":1,"minecraft:iron_axe":2,"minecraft:stick":20,"minecraft:iron_ingot":32,"minecraft:iron_pickaxe":2,"minecraft:stone_pickaxe":1,"minecraft:wheat":108},"minecraft:used":{"minecraft:calcite":1,"minecraft:cooked_mutton":1,"minecraft:stone_pickaxe":99,"minecraft:oak_planks":135,"minecraft:wooden_pickaxe":12,"minecraft:shield":2,"minecraft:iron_sword":22,"minecraft:smooth_quartz_stairs":1,"minecraft:iron_chestplate":1,"minecraft:dirt":11,"minecraft:crafting_table":3,"minecraft:iron_axe":112,"minecraft:bread":10,"minecraft:iron_pickaxe":94,"minecraft:iron_boots":1,"minecraft:furnace":1,"minecraft:mangrove_slab":1},"minecraft:picked_up":{"minecraft:stripped_oak_log":4,"minecraft:iron_chestplate":5,"minecraft:pink_petals":203,"minecraft:crafting_table":2,"minecraft:birch_door":4,"minecraft:ladder":1,"minecraft:clay_ball":8,"minecraft:wooden_pickaxe":4,"minecraft:potato":5,"minecraft:potion":2,"minecraft:mushroom_stew":5,"minecraft:oak_log":93,"minecraft:shield":6,"minecraft:lapis_lazuli":264,"minecraft:mangrove_slab":3,"minecraft:dirt":122,"minecraft:dark_oak_trapdoor":4,"minecraft:raw_copper":285,"minecraft:iron_axe":11,"minecraft:item_frame":8,"minecraft:cooked_mutton":1,"minecraft:bone":11,"minecraft:cyan_carpet":20,"minecraft:apple":6,"minecraft:wheat_seeds":12,"minecraft:iron_ingot":29,"minecraft:stone_pickaxe":6,"minecraft:player_head":2,"minecraft:calcite":15,"minecraft:cyan_candle":15,"minecraft:iron_pickaxe":7,"minecraft:coal_block":7,"minecraft:sugar_cane":9,"minecraft:smooth_quartz_stairs":3,"minecraft:iron_sword":8,"minecraft:oak_planks":457,"minecraft:iron_boots":9,"minecraft:book":189,"minecraft:raw_iron":48,"minecraft:stick":6,"minecraft:stripped_mangrove_wood":7,"minecraft:lightning_rod":2,"minecraft:diorite":2,"minecraft:blast_furnace":22,"minecraft:carrot":70,"minecraft:nether_brick_slab":6,"minecraft:spruce_door":1,"minecraft:leather_helmet":13,"minecraft:dark_oak_planks":11,"minecraft:arrow":19,"minecraft:rotten_flesh":12,"minecraft:pumpkin_pie":25,"minecraft:hay_block":72,"minecraft:stripped_dark_oak_wood":8,"minecraft:gray_wool":3,"minecraft:emerald":5,"minecraft:glistering_melon_slice":12,"minecraft:gold_ingot":12,"minecraft:bread":312,"minecraft:oak_sapling":6,"minecraft:mutton":54,"minecraft:coal":109,"minecraft:cobblestone":116,"minecraft:white_wool":3,"minecraft:sunflower":45},"minecraft:mined":{"minecraft:dark_oak_planks":7,"minecraft:spruce_door":1,"minecraft:clay":1,"minecraft:crafting_table":2,"minecraft:ladder":2,"minecraft:blast_furnace":4,"minecraft:grass_block":9,"minecraft:calcite":13,"minecraft:nether_brick_slab":3,"minecraft:lightning_rod":2,"minecraft:coal_block":1,"minecraft:copper_ore":14,"minecraft:cobblestone":12,"minecraft:lapis_ore":5,"minecraft:sugar_cane":1,"minecraft:oak_planks":12,"minecraft:diorite":2,"minecraft:spawner":2,"minecraft:gray_wool":1,"minecraft:hay_block":12,"minecraft:black_stained_glass_pane":3,"minecraft:dark_oak_trapdoor":4,"minecraft:iron_ore":31,"minecraft:birch_door":1,"minecraft:stripped_dark_oak_wood":8,"minecraft:grass":10,"minecraft:mangrove_slab":2,"minecraft:bookshelf":9,"minecraft:oak_log":38,"minecraft:coal_ore":24,"minecraft:deepslate_iron_ore":1,"minecraft:sunflower":15,"minecraft:cyan_carpet":11,"minecraft:dirt":4,"minecraft:stripped_oak_log":4,"minecraft:smooth_quartz_stairs":3,"minecraft:stripped_mangrove_wood":8,"minecraft:stone":52,"minecraft:player_head":1,"minecraft:oak_leaves":12,"minecraft:cyan_candle":1},"minecraft:killed":{"minecraft:husk":1,"minecraft:frog":1,"minecraft:sheep":4,"minecraft:skeleton":2,"minecraft:zombie":3},"minecraft:custom":{"minecraft:interact_with_furnace":4,"minecraft:mob_kills":11,"minecraft:interact_with_crafting_table":10,"minecraft:open_barrel":10,"minecraft:leave_game":1,"minecraft:time_since_death":12163,"minecraft:climb_one_cm":682,"minecraft:time_since_rest":12335,"minecraft:sprint_one_cm":157663,"minecraft:damage_taken":6387,"minecraft:walk_one_cm":140516,"minecraft:damage_blocked_by_shield":195,"minecraft:damage_dealt":2063,"minecraft:swim_one_cm":1946,"minecraft:fly_one_cm":288647,"minecraft:open_chest":5,"minecraft:crouch_one_cm":23842,"minecraft:play_time":74342,"minecraft:deaths":21,"minecraft:sneak_time":9619,"minecraft:walk_under_water_one_cm":422,"minecraft:jump":1631,"minecraft:walk_on_water_one_cm":1003,"minecraft:total_world_time":74342,"minecraft:fall_one_cm":43846},"minecraft:killed_by":{"minecraft:husk":7,"minecraft:skeleton":8,"minecraft:zombie":4}},"DataVersion":3465}