{"stats":{"minecraft:used":{"minecraft:iron_axe":32,"minecraft:bread":4,"minecraft:stone_pickaxe":99,"minecraft:iron_pickaxe":37,"minecraft:oak_planks":4,"minecraft:wooden_pickaxe":12,"minecraft:dirt":3,"minecraft:crafting_table":2,"minecraft:furnace":1},"minecraft:crafted":{"minecraft:oak_planks":20,"minecraft:iron_axe":1,"minecraft:crafting_table":2,"minecraft:stick":12,"minecraft:iron_pickaxe":1,"minecraft:iron_ingot":11,"minecraft:wooden_pickaxe":1,"minecraft:stone_pickaxe":1,"minecraft:furnace":1,"minecraft:air":0},"minecraft:picked_up":{"minecraft:raw_iron":48,"minecraft:crafting_table":1,"minecraft:wooden_pickaxe":3,"minecraft:oak_log":28,"minecraft:blast_furnace":4,"minecraft:dirt":10,"minecraft:lapis_lazuli":33,"minecraft:leather_helmet":3,"minecraft:raw_copper":51,"minecraft:bone":1,"minecraft:rotten_flesh":2,"minecraft:apple":5,"minecraft:wheat_seeds":4,"minecraft:hay_block":60,"minecraft:stone_pickaxe":3,"minecraft:bread":12,"minecraft:emerald":4,"minecraft:oak_sapling":2,"minecraft:oak_planks":28,"minecraft:coal":21,"minecraft:cobblestone":69},"minecraft:mined":{"minecraft:hay_block":12,"minecraft:iron_ore":31,"minecraft:crafting_table":1,"minecraft:grass":2,"minecraft:blast_furnace":1,"minecraft:grass_block":7,"minecraft:oak_log":28,"minecraft:coal_ore":6,"minecraft:deepslate_iron_ore":1,"minecraft:dirt":4,"minecraft:copper_ore":14,"minecraft:cobblestone":12,"minecraft:lapis_ore":5,"minecraft:stone":44,"minecraft:oak_planks":1,"minecraft:oak_leaves":11},"minecraft:killed":{"minecraft:zombie":3},"minecraft:custom":{"minecraft:time_since_rest":246,"minecraft:interact_with_furnace":3,"minecraft:sprint_one_cm":71284,"minecraft:damage_taken":1476,"minecraft:walk_one_cm":40151,"minecraft:mob_kills":3,"minecraft:damage_dealt":670,"minecraft:swim_one_cm":1946,"minecraft:interact_with_crafting_table":8,"minecraft:fly_one_cm":135564,"minecraft:open_chest":1,"minecraft:crouch_one_cm":8251,"minecraft:play_time":28608,"minecraft:deaths":5,"minecraft:sneak_time":3846,"minecraft:walk_under_water_one_cm":379,"minecraft:jump":749,"minecraft:walk_on_water_one_cm":778,"minecraft:time_since_death":216,"minecraft:total_world_time":28608,"minecraft:fall_one_cm":20107},"minecraft:killed_by":{"minecraft:skeleton":2,"minecraft:zombie":2}},"DataVersion":3465}