{"stats":{"minecraft:used":{"minecraft:crafting_table":1,"minecraft:stone_pickaxe":2,"minecraft:wooden_pickaxe":12},"minecraft:crafted":{"minecraft:oak_planks":20,"minecraft:crafting_table":1,"minecraft:stick":8,"minecraft:wooden_pickaxe":1,"minecraft:stone_pickaxe":1},"minecraft:picked_up":{"minecraft:crafting_table":1,"minecraft:apple":1,"minecraft:oak_log":5,"minecraft:blast_furnace":1,"minecraft:cobblestone":12},"minecraft:mined":{"minecraft:blast_furnace":1,"minecraft:oak_log":5,"minecraft:cobblestone":12,"minecraft:oak_leaves":2,"minecraft:crafting_table":1},"minecraft:custom":{"minecraft:open_chest":1,"minecraft:time_since_rest":4608,"minecraft:crouch_one_cm":994,"minecraft:play_time":4608,"minecraft:sprint_one_cm":7679,"minecraft:damage_taken":40,"minecraft:walk_one_cm":4642,"minecraft:sneak_time":516,"minecraft:jump":76,"minecraft:time_since_death":4608,"minecraft:walk_on_water_one_cm":281,"minecraft:total_world_time":4608,"minecraft:interact_with_crafting_table":3,"minecraft:fall_one_cm":2079,"minecraft:fly_one_cm":12890}},"DataVersion":3465}