{"stats":{"minecraft:killed":{"minecraft:pillager":2},"minecraft:killed_by":{"naturalist:rattlesnake":4,"minecraft:pillager":2},"minecraft:picked_up":{"minecraft:tnt":36,"minecraft:diamond":1,"minecraft:hay_block":1,"minecraft:iron_ingot":3,"minecraft:diamond_horse_armor":1,"minecraft:golden_apple":2,"minecraft:saddle":5,"minecraft:gold_ingot":9,"minecraft:gunpowder":4,"sophisticatedbackpacks:magnet_upgrade":1,"minecraft:string":36},"minecraft:mined":{"minecraft:hay_block":2,"minecraft:dead_bush":2,"minecraft:tnt":9},"minecraft:used":{"minecraft:sand":7,"minecraft:hay_block":1},"minecraft:custom":{"minecraft:open_chest":5,"minecraft:time_since_rest":76,"minecraft:crouch_one_cm":109,"minecraft:play_time":10854,"minecraft:sprint_one_cm":31049,"minecraft:damage_taken":1620,"minecraft:deaths":6,"minecraft:walk_one_cm":4455,"minecraft:sneak_time":112,"minecraft:walk_under_water_one_cm":854,"minecraft:mob_kills":2,"minecraft:jump":302,"minecraft:damage_dealt":300,"minecraft:leave_game":4,"minecraft:time_since_death":0,"minecraft:walk_on_water_one_cm":853,"minecraft:total_world_time":10854,"minecraft:swim_one_cm":237,"minecraft:fall_one_cm":9228,"minecraft:fly_one_cm":72827}},"DataVersion":3465}