{"stats":{"minecraft:custom":{"minecraft:time_since_rest":20363,"minecraft:sprint_one_cm":13553,"minecraft:damage_taken":105,"minecraft:walk_one_cm":11180,"minecraft:mob_kills":5,"minecraft:drop":8,"minecraft:damage_dealt":500,"minecraft:interact_with_crafting_table":4,"minecraft:fly_one_cm":132180,"minecraft:crouch_one_cm":694,"minecraft:play_time":20363,"minecraft:sneak_time":550,"minecraft:jump":81,"minecraft:leave_game":4,"minecraft:time_since_death":20363,"minecraft:total_world_time":20363,"minecraft:fall_one_cm":2473},"minecraft:used":{"minecraft:wooden_axe":16,"minecraft:wooden_pickaxe":29,"minecraft:stone_axe":8,"minecraft:dirt":2,"minecraft:crafting_table":2,"minecraft:acacia_planks":9},"minecraft:killed":{"minecraft:pig":2,"minecraft:cow":3},"minecraft:crafted":{"minecraft:crafting_table":1,"minecraft:stick":8,"minecraft:wooden_pickaxe":1,"minecraft:stone_pickaxe":1,"minecraft:wooden_axe":1,"minecraft:acacia_planks":32,"minecraft:stone_axe":1},"minecraft:mined":{"minecraft:acacia_leaves":2,"minecraft:crafting_table":2,"minecraft:grass":5,"minecraft:acacia_log":8,"minecraft:grass_block":1,"minecraft:oak_log":5,"minecraft:dirt":1,"minecraft:acacia_planks":9,"minecraft:stone":29},"minecraft:picked_up":{"minecraft:wooden_axe":2,"minecraft:crafting_table":2,"minecraft:leather":5,"minecraft:wooden_pickaxe":2,"minecraft:acacia_log":8,"minecraft:porkchop":5,"minecraft:oak_log":5,"minecraft:dirt":2,"minecraft:acacia_planks":9,"minecraft:wheat_seeds":2,"minecraft:beef":7,"minecraft:cobblestone":29},"minecraft:dropped":{"minecraft:wheat_seeds":2,"minecraft:wooden_axe":3,"minecraft:wooden_pickaxe":3}},"DataVersion":3465}