{"stats":{"minecraft:killed_by":{"minecraft:skeleton":1,"minecraft:creeper":1,"minecraft:zombie":7},"minecraft:used":{"minecraft:stone_pickaxe":50,"minecraft:shield":33,"minecraft:wooden_pickaxe":53,"minecraft:iron_sword":34,"minecraft:torch":7,"minecraft:crafting_table":3,"minecraft:iron_axe":11,"minecraft:iron_pickaxe":84,"minecraft:stone_axe":18,"minecraft:cobblestone":4,"minecraft:potion":2,"minecraft:furnace":3,"minecraft:andesite":2,"minecraft:cooked_beef":12,"minecraft:cobbled_deepslate":15,"minecraft:splash_potion":7},"minecraft:dropped":{"minecraft:glass_bottle":1,"minecraft:shield":1,"minecraft:wooden_pickaxe":2},"minecraft:custom":{"minecraft:interact_with_furnace":8,"minecraft:mob_kills":17,"minecraft:interact_with_crafting_table":14,"minecraft:leave_game":2,"minecraft:time_since_death":1320,"minecraft:climb_one_cm":7975,"minecraft:time_since_rest":1340,"minecraft:sprint_one_cm":103014,"minecraft:damage_taken":3853,"minecraft:walk_one_cm":65284,"minecraft:damage_blocked_by_shield":1860,"minecraft:drop":4,"minecraft:damage_dealt":3338,"minecraft:swim_one_cm":901,"minecraft:fly_one_cm":98624,"minecraft:open_chest":7,"minecraft:crouch_one_cm":7320,"minecraft:play_time":51936,"minecraft:walk_under_water_one_cm":87,"minecraft:deaths":10,"minecraft:sneak_time":4183,"minecraft:jump":608,"minecraft:interact_with_brewingstand":1,"minecraft:walk_on_water_one_cm":3947,"minecraft:total_world_time":51936,"minecraft:fall_one_cm":16670},"minecraft:picked_up":{"minecraft:crafting_table":2,"minecraft:cooked_beef":192,"minecraft:splash_potion":8,"minecraft:andesite":2,"minecraft:leather":6,"minecraft:potion":1,"minecraft:tuff":8,"minecraft:oak_log":12,"minecraft:shield":7,"minecraft:string":10,"minecraft:iron_axe":7,"minecraft:bone":13,"minecraft:stone_bricks":1,"minecraft:cobbled_deepslate":94,"minecraft:raw_gold":92,"minecraft:spruce_planks":21,"minecraft:beef":6,"minecraft:stone_pickaxe":1,"minecraft:mossy_stone_bricks":1,"minecraft:iron_pickaxe":7,"minecraft:glass_bottle":1,"minecraft:iron_sword":6,"minecraft:furnace":3,"minecraft:stick":2,"minecraft:raw_iron":40,"minecraft:torch":1,"minecraft:amethyst_shard":84,"minecraft:diorite":2,"minecraft:spruce_log":7,"minecraft:redstone":344,"minecraft:arrow":8,"minecraft:rotten_flesh":47,"minecraft:diamond":33,"minecraft:stone_axe":1,"minecraft:coal":28,"minecraft:iron_bars":1,"minecraft:rail":15,"minecraft:cobblestone":111},"minecraft:killed":{"minecraft:spider":2,"minecraft:skeleton":3,"minecraft:zombie":9,"minecraft:cow":2},"minecraft:mined":{"minecraft:deepslate_redstone_ore":10,"minecraft:tuff":2,"minecraft:deepslate_diamond_ore":5,"minecraft:amethyst_cluster":3,"minecraft:crafting_table":2,"minecraft:cobblestone":3,"minecraft:spruce_leaves":6,"minecraft:deepslate_gold_ore":25,"minecraft:wall_torch":1,"minecraft:furnace":3,"minecraft:iron_ore":9,"minecraft:cobbled_deepslate":2,"minecraft:white_carpet":1,"minecraft:spruce_log":7,"minecraft:andesite":2,"minecraft:rail":5,"minecraft:coal_ore":15,"minecraft:oak_log":6,"minecraft:deepslate_iron_ore":6,"minecraft:iron_bars":1,"minecraft:cobweb":2,"minecraft:stone":65,"minecraft:stone_bricks":1,"minecraft:mossy_stone_bricks":1,"minecraft:deepslate":28},"minecraft:crafted":{"minecraft:cooked_beef":3,"minecraft:crafting_table":2,"minecraft:spruce_planks":28,"minecraft:wooden_pickaxe":2,"minecraft:iron_sword":1,"minecraft:furnace":1,"minecraft:stone_axe":1,"minecraft:bread":1,"minecraft:air":0,"minecraft:shield":1,"minecraft:stick":24,"minecraft:iron_ingot":8,"minecraft:iron_pickaxe":1,"minecraft:stone_pickaxe":3,"minecraft:stone_sword":1,"minecraft:torch":8}},"DataVersion":3465}