{"stats":{"minecraft:custom":{"minecraft:time_since_rest":6000,"minecraft:open_chest":2,"minecraft:crouch_one_cm":551,"minecraft:play_time":6000,"minecraft:sprint_one_cm":18669,"minecraft:walk_one_cm":6714,"minecraft:sneak_time":429,"minecraft:drop":1,"minecraft:jump":136,"minecraft:time_since_death":6000,"minecraft:total_world_time":6000,"minecraft:climb_one_cm":3118,"minecraft:interact_with_crafting_table":6,"minecraft:fall_one_cm":2928,"minecraft:fly_one_cm":35721},"minecraft:used":{"minecraft:stone_pickaxe":5,"minecraft:wooden_pickaxe":11,"minecraft:splash_potion":1},"minecraft:picked_up":{"minecraft:stone_bricks":1,"minecraft:mossy_stone_bricks":1,"minecraft:coal":5,"minecraft:iron_bars":1,"minecraft:cobblestone":8},"minecraft:mined":{"minecraft:coal_ore":5,"minecraft:iron_bars":1,"minecraft:stone_bricks":1,"minecraft:stone":8,"minecraft:mossy_stone_bricks":1},"minecraft:crafted":{"minecraft:stone_sword":1,"minecraft:stick":8,"minecraft:bread":1,"minecraft:wooden_pickaxe":1,"minecraft:stone_pickaxe":2},"minecraft:dropped":{"minecraft:wooden_pickaxe":1}},"DataVersion":3465}