{"stats":{"minecraft:used":{"minecraft:oak_planks":2,"minecraft:white_wool":1,"minecraft:torch":8,"minecraft:mossy_cobblestone":1,"minecraft:dirt":4,"minecraft:crafting_table":2,"minecraft:blast_furnace":1,"spartanweaponry:iron_longbow":2,"minecraft:oak_log":4,"minecraft:iron_axe":84,"minecraft:bread":12,"minecraft:iron_pickaxe":97,"minecraft:cobblestone":25},"minecraft:crafted":{"minecraft:oak_planks":24,"minecraft:crafting_table":2,"minecraft:bread":69,"minecraft:air":0,"minecraft:iron_boots":1,"minecraft:iron_chestplate":1,"minecraft:iron_axe":1,"minecraft:stick":8,"minecraft:iron_ingot":1,"minecraft:iron_pickaxe":1,"minecraft:torch":8,"minecraft:shears":1,"minecraft:wheat":207},"minecraft:dropped":{"minecraft:wheat_seeds":1,"minecraft:mossy_cobblestone":1,"minecraft:rotten_flesh":2,"sophisticatedbackpacks:backpack":1},"minecraft:picked_up":{"minecraft:stripped_oak_log":32,"minecraft:potion":1,"minecraft:oak_log":100,"minecraft:yellow_bed":2,"minecraft:string":2,"minecraft:dirt":4,"minecraft:iron_axe":1,"minecraft:name_tag":3,"minecraft:bone":21,"minecraft:apple":15,"minecraft:wheat_seeds":3,"minecraft:cobbled_deepslate":4,"spartanweaponry:iron_longbow":1,"minecraft:iron_ingot":11,"minecraft:iron_pickaxe":1,"minecraft:bamboo":9,"minecraft:oak_planks":14,"minecraft:stick":14,"minecraft:raw_iron":16,"minecraft:oak_door":2,"minecraft:composter":2,"minecraft:torch":5,"sophisticatedbackpacks:backpack":2,"minecraft:blast_furnace":2,"minecraft:white_bed":2,"minecraft:carrot":1,"minecraft:redstone":35,"minecraft:mossy_cobblestone":3,"minecraft:arrow":7,"minecraft:rotten_flesh":6,"minecraft:pumpkin_pie":3,"minecraft:hay_block":23,"minecraft:granite":4,"minecraft:bread":71,"minecraft:white_terracotta":56,"minecraft:oak_sapling":10,"minecraft:mutton":4,"minecraft:coal":2,"minecraft:white_wool":1,"minecraft:cobblestone":37},"minecraft:mined":{"minecraft:deepslate_redstone_ore":8,"minecraft:white_bed":1,"minecraft:glass_pane":3,"minecraft:mossy_cobblestone":1,"minecraft:torch":2,"minecraft:granite":4,"minecraft:blast_furnace":1,"minecraft:grass_block":3,"minecraft:cobblestone":13,"minecraft:composter":1,"minecraft:wall_torch":1,"minecraft:hay_block":23,"minecraft:white_terracotta":30,"minecraft:iron_ore":4,"minecraft:yellow_bed":1,"minecraft:grass":7,"minecraft:oak_log":52,"minecraft:deepslate_iron_ore":13,"minecraft:dirt":1,"minecraft:stripped_oak_log":16,"minecraft:stone":13,"minecraft:oak_leaves":2,"minecraft:deepslate":4},"minecraft:killed":{"minecraft:zombie_villager":1,"minecraft:skeleton":3,"minecraft:sheep":1,"minecraft:zombie":2},"minecraft:custom":{"minecraft:mob_kills":8,"minecraft:interact_with_crafting_table":7,"minecraft:open_barrel":5,"minecraft:time_since_death":7748,"minecraft:sleep_in_bed":1,"minecraft:climb_one_cm":344,"minecraft:time_since_rest":7777,"minecraft:sprint_one_cm":119065,"minecraft:damage_taken":829,"minecraft:walk_one_cm":43516,"minecraft:drop":5,"minecraft:damage_dealt":1333,"minecraft:swim_one_cm":650,"minecraft:fly_one_cm":327018,"minecraft:open_chest":6,"minecraft:crouch_one_cm":4456,"minecraft:play_time":47191,"minecraft:deaths":1,"minecraft:sneak_time":2516,"minecraft:walk_under_water_one_cm":44,"minecraft:jump":512,"minecraft:interact_with_blast_furnace":2,"minecraft:walk_on_water_one_cm":158,"minecraft:total_world_time":47191,"minecraft:fall_one_cm":13821},"minecraft:killed_by":{"minecraft:skeleton":1}},"DataVersion":3465}