{"stats":{"minecraft:used":{"minecraft:torch":1,"minecraft:dirt":4},"minecraft:picked_up":{"minecraft:wheat_seeds":1,"minecraft:hay_block":23,"minecraft:oak_log":6,"minecraft:dirt":4},"minecraft:dropped":{"minecraft:wheat_seeds":1},"minecraft:mined":{"minecraft:grass":3,"minecraft:hay_block":23,"minecraft:grass_block":3,"minecraft:oak_log":6,"minecraft:dirt":1,"minecraft:oak_leaves":2},"minecraft:custom":{"minecraft:open_barrel":5,"minecraft:open_chest":6,"minecraft:time_since_rest":11191,"minecraft:crouch_one_cm":705,"minecraft:play_time":11191,"minecraft:sprint_one_cm":22405,"minecraft:damage_taken":50,"minecraft:walk_one_cm":10123,"minecraft:sneak_time":1103,"minecraft:drop":1,"minecraft:jump":114,"minecraft:time_since_death":11191,"minecraft:climb_one_cm":344,"minecraft:total_world_time":11191,"minecraft:fall_one_cm":4320,"minecraft:fly_one_cm":242311}},"DataVersion":3465}