{"stats":{"minecraft:used":{"minecraft:oak_planks":2,"minecraft:white_terracotta":15,"minecraft:white_wool":1,"minecraft:torch":15,"minecraft:mossy_cobblestone":1,"minecraft:dirt":4,"minecraft:crafting_table":4,"minecraft:blast_furnace":1,"spartanweaponry:iron_longbow":7,"minecraft:granite":3,"minecraft:oak_log":4,"minecraft:diamond_pickaxe":2,"minecraft:iron_axe":99,"minecraft:bread":21,"minecraft:iron_pickaxe":143,"minecraft:magma_block":2,"minecraft:cobblestone":25,"minecraft:furnace":1,"minecraft:cobbled_deepslate":6},"minecraft:crafted":{"minecraft:oak_planks":88,"minecraft:diamond_sword":1,"minecraft:crafting_table":3,"minecraft:furnace":1,"minecraft:bread":69,"minecraft:air":0,"minecraft:iron_boots":1,"minecraft:iron_chestplate":1,"minecraft:diamond_pickaxe":1,"minecraft:iron_axe":1,"minecraft:stick":16,"minecraft:iron_ingot":1,"minecraft:iron_pickaxe":1,"minecraft:torch":8,"minecraft:shears":1,"minecraft:wheat":207},"minecraft:dropped":{"minecraft:wheat_seeds":1,"minecraft:mossy_cobblestone":1,"minecraft:rotten_flesh":2,"sophisticatedbackpacks:backpack":1},"minecraft:picked_up":{"minecraft:stripped_oak_log":48,"minecraft:crafting_table":1,"minecraft:iron_chestplate":1,"minecraft:magma_block":2,"minecraft:potion":2,"minecraft:oak_log":145,"minecraft:yellow_bed":3,"minecraft:gunpowder":4,"minecraft:lapis_lazuli":70,"minecraft:string":4,"minecraft:dirt":4,"minecraft:iron_axe":2,"minecraft:name_tag":6,"minecraft:bone":48,"minecraft:apple":30,"minecraft:bow":2,"minecraft:wheat_seeds":4,"minecraft:raw_gold":5,"minecraft:cobbled_deepslate":27,"spartanweaponry:iron_longbow":2,"minecraft:iron_ingot":11,"minecraft:iron_pickaxe":2,"minecraft:bamboo":18,"spartanweaponry:iron_flanged_mace":1,"minecraft:oak_planks":14,"minecraft:iron_boots":1,"minecraft:stick":21,"minecraft:raw_iron":42,"minecraft:oak_door":3,"minecraft:composter":3,"minecraft:torch":14,"sophisticatedbackpacks:backpack":3,"minecraft:blast_furnace":2,"minecraft:white_bed":3,"minecraft:carrot":1,"minecraft:redstone":90,"minecraft:spider_eye":2,"minecraft:mossy_cobblestone":3,"minecraft:arrow":7,"minecraft:rotten_flesh":16,"minecraft:diamond":11,"minecraft:pumpkin_pie":6,"minecraft:hay_block":23,"minecraft:granite":5,"minecraft:bread":127,"minecraft:white_terracotta":81,"minecraft:oak_sapling":15,"minecraft:mutton":6,"minecraft:coal":2,"minecraft:white_wool":1,"minecraft:cobblestone":42},"minecraft:mined":{"minecraft:deepslate_redstone_ore":10,"minecraft:white_bed":1,"minecraft:glass_pane":3,"minecraft:mossy_cobblestone":1,"minecraft:deepslate_diamond_ore":9,"minecraft:crafting_table":1,"minecraft:torch":2,"minecraft:granite":4,"minecraft:blast_furnace":1,"minecraft:grass_block":3,"minecraft:cobblestone":15,"minecraft:deepslate_gold_ore":5,"minecraft:composter":1,"minecraft:wall_torch":5,"minecraft:hay_block":23,"minecraft:white_terracotta":36,"minecraft:magma_block":2,"minecraft:iron_ore":4,"minecraft:cobbled_deepslate":2,"minecraft:deepslate_lapis_ore":5,"minecraft:yellow_bed":1,"minecraft:grass":7,"minecraft:oak_log":52,"minecraft:deepslate_iron_ore":20,"minecraft:dirt":1,"minecraft:stripped_oak_log":16,"minecraft:stone":13,"minecraft:oak_leaves":2,"minecraft:deepslate":12},"minecraft:killed":{"minecraft:zombie_villager":1,"minecraft:spider":1,"minecraft:creeper":1,"minecraft:skeleton":5,"minecraft:sheep":1,"minecraft:zombie":6},"minecraft:custom":{"minecraft:interact_with_furnace":2,"minecraft:mob_kills":16,"minecraft:interact_with_crafting_table":10,"minecraft:open_barrel":5,"minecraft:time_since_death":6040,"minecraft:sleep_in_bed":1,"minecraft:climb_one_cm":344,"minecraft:time_since_rest":6072,"minecraft:sprint_one_cm":141744,"minecraft:damage_taken":1583,"minecraft:walk_one_cm":57763,"minecraft:drop":5,"minecraft:damage_dealt":2504,"minecraft:swim_one_cm":24728,"minecraft:fly_one_cm":353672,"minecraft:open_chest":6,"minecraft:crouch_one_cm":6857,"minecraft:play_time":59191,"minecraft:deaths":2,"minecraft:sneak_time":4309,"minecraft:walk_under_water_one_cm":1404,"minecraft:jump":656,"minecraft:interact_with_blast_furnace":2,"minecraft:walk_on_water_one_cm":952,"minecraft:total_world_time":59191,"minecraft:fall_one_cm":19006},"minecraft:killed_by":{"minecraft:skeleton":1,"minecraft:zombie":1}},"DataVersion":3465}