{"stats":{"minecraft:used":{"minecraft:white_terracotta":17,"minecraft:iron_sword":3,"minecraft:iron_chestplate":1,"minecraft:torch":28,"minecraft:dirt":5,"minecraft:carrot":2,"minecraft:tuff":2,"minecraft:cyan_wool":4,"spartanweaponry:iron_longbow":13,"minecraft:granite":3,"minecraft:iron_hoe":9,"minecraft:iron_axe":102,"minecraft:iron_helmet":1,"minecraft:smooth_basalt":4,"minecraft:purple_concrete":8,"minecraft:magma_block":2,"minecraft:goat_horn":1,"minecraft:furnace":1,"minecraft:cobbled_deepslate":41,"minecraft:iron_leggings":2,"minecraft:calcite":8,"minecraft:water_bucket":7,"minecraft:damaged_anvil":1,"minecraft:amethyst_block":9,"minecraft:oak_planks":2,"minecraft:white_wool":1,"minecraft:mossy_cobblestone":1,"minecraft:crafting_table":6,"spartanweaponry:iron_flanged_mace":5,"minecraft:blast_furnace":1,"minecraft:crossbow":2,"minecraft:oak_log":4,"minecraft:diamond_pickaxe":244,"minecraft:diamond_shovel":592,"minecraft:bread":50,"minecraft:iron_pickaxe":143,"minecraft:gravel":2,"minecraft:diamond_sword":115,"minecraft:cobblestone":25,"minecraft:bucket":8,"minecraft:gray_wool":4,"minecraft:experience_bottle":8},"minecraft:crafted":{"minecraft:oak_planks":88,"minecraft:furnace":1,"minecraft:iron_boots":1,"minecraft:iron_axe":1,"sophisticatedbackpacks:iron_backpack":1,"minecraft:wheat":207,"minecraft:diamond_sword":1,"minecraft:crafting_table":5,"minecraft:iron_helmet":1,"minecraft:bucket":1,"minecraft:bread":69,"minecraft:air":0,"minecraft:iron_chestplate":1,"minecraft:diamond_pickaxe":1,"minecraft:stick":16,"minecraft:iron_ingot":5,"minecraft:iron_pickaxe":1,"minecraft:iron_leggings":1,"minecraft:torch":8,"minecraft:shears":1},"minecraft:dropped":{"minecraft:wheat_seeds":1,"minecraft:mossy_cobblestone":1,"minecraft:dirt":4,"minecraft:andesite_slab":2,"minecraft:rotten_flesh":7,"minecraft:iron_boots":3,"sophisticatedbackpacks:backpack":1,"minecraft:iron_chestplate":1,"minecraft:leather_leggings":1},"minecraft:picked_up":{"minecraft:charcoal":2,"minecraft:iron_chestplate":8,"minecraft:crafting_table":1,"minecraft:purple_wool":1,"minecraft:leather_leggings":1,"minecraft:sentry_armor_trim_smithing_template":10,"minecraft:diamond_sword":6,"aether:iron_gloves":1,"minecraft:potion":2,"minecraft:amethyst_block":83,"aether:leather_gloves":3,"minecraft:string":22,"minecraft:iron_axe":7,"minecraft:red_nether_bricks":2,"minecraft:iron_leggings":4,"minecraft:experience_bottle":2,"minecraft:cobbled_deepslate":136,"spartanweaponry:iron_longbow":9,"minecraft:bucket":1,"minecraft:cyan_wool":4,"minecraft:calcite":32,"minecraft:iron_pickaxe":7,"minecraft:coal_block":4,"spartanweaponry:iron_flanged_mace":7,"minecraft:iron_boots":10,"minecraft:furnace":6,"minecraft:raw_iron":272,"minecraft:stick":51,"minecraft:oak_door":3,"minecraft:composter":3,"minecraft:torch":38,"sophisticatedbackpacks:backpack":8,"minecraft:lightning_rod":2,"aether:golden_gloves":2,"minecraft:carrot":9,"minecraft:redstone":405,"minecraft:goat_horn":1,"minecraft:arrow":29,"minecraft:rotten_flesh":38,"minecraft:pumpkin_pie":6,"minecraft:hay_block":28,"minecraft:white_terracotta":85,"minecraft:mutton":6,"minecraft:obsidian":100,"minecraft:cobblestone":42,"minecraft:white_wool":7,"minecraft:stripped_oak_log":48,"minecraft:magma_block":2,"minecraft:water_bucket":5,"minecraft:tuff":44,"minecraft:oak_log":145,"minecraft:yellow_bed":3,"minecraft:gunpowder":7,"minecraft:lapis_lazuli":160,"minecraft:dirt":72,"minecraft:name_tag":6,"minecraft:bone":68,"minecraft:apple":30,"minecraft:bow":2,"minecraft:wheat_seeds":4,"minecraft:raw_gold":40,"minecraft:iron_ingot":216,"minecraft:bamboo":18,"minecraft:iron_sword":1,"minecraft:oak_planks":132,"minecraft:purple_concrete":13,"minecraft:smooth_basalt":4,"minecraft:gravel":2,"minecraft:amethyst_shard":48,"sophisticatedbackpacks:iron_backpack":1,"minecraft:blast_furnace":2,"minecraft:white_bed":3,"minecraft:spider_eye":2,"minecraft:mossy_cobblestone":3,"minecraft:blue_terracotta":7,"minecraft:slime_ball":6,"minecraft:diamond":69,"minecraft:iron_helmet":4,"minecraft:crossbow":2,"minecraft:granite":5,"minecraft:gray_wool":4,"minecraft:bread":356,"minecraft:oak_sapling":16,"minecraft:damaged_anvil":7,"minecraft:coal":9,"minecraft:andesite_slab":2,"minecraft:diamond_pickaxe":7},"minecraft:mined":{"minecraft:tuff":14,"minecraft:white_bed":1,"minecraft:mossy_cobblestone":1,"minecraft:deepslate_diamond_ore":17,"minecraft:red_nether_bricks":1,"minecraft:obsidian":20,"minecraft:granite":4,"minecraft:grass_block":438,"minecraft:coal_block":4,"minecraft:composter":1,"minecraft:hay_block":28,"minecraft:magma_block":2,"minecraft:furnace":1,"minecraft:iron_ore":4,"minecraft:cobbled_deepslate":10,"minecraft:deepslate_lapis_ore":8,"minecraft:deepslate_iron_ore":75,"minecraft:stripped_oak_log":16,"minecraft:stone":13,"minecraft:deepslate_redstone_ore":14,"minecraft:glass_pane":3,"minecraft:amethyst_cluster":2,"minecraft:crafting_table":1,"minecraft:torch":5,"minecraft:blast_furnace":1,"minecraft:calcite":8,"minecraft:andesite_slab":1,"minecraft:campfire":1,"minecraft:tall_grass":2,"minecraft:cobblestone":15,"minecraft:deepslate_gold_ore":7,"minecraft:damaged_anvil":6,"minecraft:wall_torch":13,"minecraft:amethyst_block":19,"minecraft:cyan_wool":4,"minecraft:white_terracotta":38,"minecraft:purple_wool":1,"minecraft:gray_wool":4,"minecraft:coarse_dirt":1,"minecraft:blue_terracotta":7,"minecraft:purple_concrete":12,"minecraft:yellow_bed":1,"minecraft:grass":24,"minecraft:coal_ore":7,"minecraft:oak_log":52,"minecraft:gravel":2,"minecraft:dirt":143,"minecraft:smooth_basalt":4,"minecraft:oak_leaves":7,"minecraft:deepslate":60},"minecraft:killed":{"minecraft:vindicator":1,"minecraft:spider":4,"minecraft:skeleton":12,"minecraft:zombie_villager":1,"minecraft:creeper":2,"minecraft:sheep":1,"minecraft:pillager":18,"minecraft:zombie":11},"minecraft:custom":{"minecraft:interact_with_anvil":2,"minecraft:mob_kills":51,"minecraft:interact_with_crafting_table":17,"minecraft:open_barrel":6,"minecraft:leave_game":1,"minecraft:time_since_death":18764,"minecraft:climb_one_cm":344,"minecraft:sprint_one_cm":305449,"minecraft:walk_one_cm":145741,"minecraft:drop":18,"minecraft:damage_dealt_absorbed":160,"minecraft:play_time":121313,"minecraft:deaths":9,"minecraft:sneak_time":7334,"minecraft:walk_under_water_one_cm":9164,"minecraft:jump":1825,"minecraft:interact_with_blast_furnace":2,"minecraft:walk_on_water_one_cm":16331,"minecraft:total_world_time":121313,"minecraft:interact_with_furnace":3,"minecraft:sleep_in_bed":1,"minecraft:time_since_rest":18826,"minecraft:damage_taken":5184,"minecraft:damage_dealt":11027,"minecraft:fly_one_cm":1031657,"minecraft:swim_one_cm":38347,"minecraft:open_chest":37,"minecraft:crouch_one_cm":13031,"minecraft:fall_one_cm":51113},"minecraft:killed_by":{"minecraft:zombie_villager":1,"minecraft:pillager":2,"minecraft:vindicator":2,"minecraft:skeleton":2,"minecraft:zombie":2}},"DataVersion":3465}