{"stats":{"minecraft:crafted":{"minecraft:oak_planks":88,"minecraft:diamond_sword":1,"minecraft:crafting_table":3,"minecraft:furnace":1,"minecraft:bucket":1,"minecraft:bread":69,"minecraft:air":0,"minecraft:iron_boots":1,"minecraft:iron_chestplate":1,"minecraft:diamond_pickaxe":1,"minecraft:iron_axe":1,"minecraft:stick":16,"minecraft:iron_ingot":5,"minecraft:iron_pickaxe":1,"minecraft:torch":8,"minecraft:shears":1,"minecraft:wheat":207},"minecraft:used":{"minecraft:water_bucket":7,"minecraft:amethyst_block":6,"minecraft:oak_planks":2,"minecraft:white_terracotta":17,"minecraft:white_wool":1,"minecraft:torch":23,"minecraft:mossy_cobblestone":1,"minecraft:dirt":4,"minecraft:crafting_table":4,"minecraft:blast_furnace":1,"spartanweaponry:iron_longbow":7,"minecraft:granite":3,"minecraft:oak_log":4,"minecraft:diamond_pickaxe":199,"minecraft:iron_axe":99,"minecraft:bread":35,"minecraft:iron_pickaxe":143,"minecraft:gravel":1,"minecraft:smooth_basalt":4,"minecraft:diamond_sword":27,"minecraft:magma_block":2,"minecraft:cobblestone":25,"minecraft:furnace":1,"minecraft:bucket":8,"minecraft:cobbled_deepslate":41},"minecraft:dropped":{"minecraft:wheat_seeds":1,"minecraft:mossy_cobblestone":1,"minecraft:rotten_flesh":2,"sophisticatedbackpacks:backpack":1},"minecraft:picked_up":{"minecraft:stripped_oak_log":48,"minecraft:crafting_table":1,"minecraft:iron_chestplate":4,"minecraft:magma_block":2,"minecraft:water_bucket":2,"minecraft:diamond_sword":3,"minecraft:potion":2,"minecraft:tuff":18,"minecraft:oak_log":145,"minecraft:yellow_bed":3,"minecraft:gunpowder":4,"minecraft:amethyst_block":48,"minecraft:lapis_lazuli":124,"minecraft:string":4,"minecraft:dirt":4,"minecraft:iron_axe":5,"minecraft:name_tag":6,"minecraft:bone":54,"minecraft:apple":30,"minecraft:bow":2,"minecraft:wheat_seeds":4,"minecraft:raw_gold":26,"minecraft:cobbled_deepslate":83,"spartanweaponry:iron_longbow":5,"minecraft:bucket":1,"minecraft:iron_ingot":14,"minecraft:calcite":24,"minecraft:iron_pickaxe":5,"minecraft:bamboo":18,"spartanweaponry:iron_flanged_mace":4,"minecraft:oak_planks":66,"minecraft:iron_boots":4,"minecraft:furnace":4,"minecraft:stick":36,"minecraft:raw_iron":113,"minecraft:smooth_basalt":4,"minecraft:oak_door":3,"minecraft:composter":3,"minecraft:torch":25,"minecraft:gravel":1,"sophisticatedbackpacks:backpack":6,"minecraft:amethyst_shard":24,"minecraft:blast_furnace":2,"minecraft:white_bed":3,"minecraft:carrot":1,"minecraft:redstone":279,"minecraft:spider_eye":2,"minecraft:mossy_cobblestone":3,"minecraft:arrow":21,"minecraft:rotten_flesh":32,"minecraft:diamond":36,"minecraft:pumpkin_pie":6,"minecraft:hay_block":23,"minecraft:granite":5,"minecraft:bread":260,"minecraft:white_terracotta":85,"minecraft:oak_sapling":15,"minecraft:obsidian":60,"minecraft:mutton":6,"minecraft:coal":2,"minecraft:white_wool":1,"minecraft:cobblestone":42,"minecraft:diamond_pickaxe":3},"minecraft:mined":{"minecraft:deepslate_redstone_ore":14,"minecraft:tuff":14,"minecraft:white_bed":1,"minecraft:glass_pane":3,"minecraft:mossy_cobblestone":1,"minecraft:deepslate_diamond_ore":17,"minecraft:amethyst_cluster":2,"minecraft:obsidian":20,"minecraft:crafting_table":1,"minecraft:torch":3,"minecraft:granite":4,"minecraft:blast_furnace":1,"minecraft:calcite":8,"minecraft:grass_block":3,"minecraft:cobblestone":15,"minecraft:deepslate_gold_ore":7,"minecraft:composter":1,"minecraft:wall_torch":10,"minecraft:amethyst_block":18,"minecraft:hay_block":23,"minecraft:white_terracotta":38,"minecraft:magma_block":2,"minecraft:furnace":1,"minecraft:iron_ore":4,"minecraft:cobbled_deepslate":10,"minecraft:deepslate_lapis_ore":8,"minecraft:yellow_bed":1,"minecraft:grass":7,"minecraft:oak_log":52,"minecraft:deepslate_iron_ore":75,"minecraft:gravel":1,"minecraft:dirt":1,"minecraft:stripped_oak_log":16,"minecraft:smooth_basalt":4,"minecraft:stone":13,"minecraft:oak_leaves":2,"minecraft:deepslate":58},"minecraft:killed":{"minecraft:zombie_villager":1,"minecraft:spider":1,"minecraft:creeper":1,"minecraft:skeleton":9,"minecraft:sheep":1,"minecraft:zombie":8},"minecraft:custom":{"minecraft:interact_with_furnace":3,"minecraft:mob_kills":22,"minecraft:interact_with_crafting_table":11,"minecraft:open_barrel":5,"minecraft:time_since_death":5313,"minecraft:sleep_in_bed":1,"minecraft:climb_one_cm":344,"minecraft:time_since_rest":5341,"minecraft:sprint_one_cm":202808,"minecraft:damage_taken":2983,"minecraft:walk_one_cm":87462,"minecraft:drop":5,"minecraft:damage_dealt":4189,"minecraft:damage_dealt_absorbed":80,"minecraft:swim_one_cm":38347,"minecraft:fly_one_cm":437450,"minecraft:open_chest":6,"minecraft:crouch_one_cm":7833,"minecraft:play_time":83191,"minecraft:deaths":5,"minecraft:sneak_time":4741,"minecraft:walk_under_water_one_cm":8950,"minecraft:jump":1128,"minecraft:interact_with_blast_furnace":2,"minecraft:walk_on_water_one_cm":14963,"minecraft:total_world_time":83191,"minecraft:fall_one_cm":29554},"minecraft:killed_by":{"minecraft:zombie_villager":1,"minecraft:skeleton":2,"minecraft:zombie":2}},"DataVersion":3465}