{"stats":{"minecraft:custom":{"minecraft:time_since_rest":12680,"minecraft:play_time":12680,"minecraft:sprint_one_cm":2929,"minecraft:walk_one_cm":4626,"minecraft:sneak_time":147,"minecraft:mob_kills":5,"minecraft:jump":18,"minecraft:damage_dealt":500,"minecraft:leave_game":3,"minecraft:time_since_death":12680,"minecraft:total_world_time":12680,"minecraft:interact_with_crafting_table":1,"minecraft:fall_one_cm":685,"minecraft:fly_one_cm":117050},"minecraft:used":{"minecraft:wooden_axe":5,"minecraft:crafting_table":1,"minecraft:acacia_planks":9},"minecraft:killed":{"minecraft:pig":2,"minecraft:cow":3},"minecraft:crafted":{"minecraft:acacia_planks":32,"minecraft:crafting_table":1,"minecraft:stick":8,"minecraft:wooden_axe":1},"minecraft:mined":{"minecraft:grass":2,"minecraft:acacia_log":8,"minecraft:acacia_leaves":2},"minecraft:picked_up":{"minecraft:leather":5,"minecraft:acacia_log":8,"minecraft:beef":7,"minecraft:porkchop":5}},"DataVersion":3465}