{"stats":{"minecraft:killed_by":{"minecraft:skeleton":1,"minecraft:zombie":1},"minecraft:used":{"minecraft:stone_pickaxe":50,"minecraft:wooden_pickaxe":53,"minecraft:shield":7,"minecraft:torch":7,"minecraft:crafting_table":3,"minecraft:iron_pickaxe":13,"minecraft:stone_axe":18,"minecraft:cobblestone":4,"minecraft:furnace":3,"minecraft:andesite":2,"minecraft:cooked_beef":3,"minecraft:cobbled_deepslate":5,"minecraft:splash_potion":1},"minecraft:dropped":{"minecraft:wooden_pickaxe":2},"minecraft:custom":{"minecraft:interact_with_furnace":8,"minecraft:mob_kills":7,"minecraft:interact_with_crafting_table":14,"minecraft:leave_game":1,"minecraft:time_since_death":1679,"minecraft:climb_one_cm":7975,"minecraft:time_since_rest":1699,"minecraft:sprint_one_cm":60865,"minecraft:damage_taken":990,"minecraft:walk_one_cm":33943,"minecraft:damage_blocked_by_shield":450,"minecraft:drop":2,"minecraft:damage_dealt":783,"minecraft:fly_one_cm":60988,"minecraft:open_chest":5,"minecraft:crouch_one_cm":4359,"minecraft:play_time":28903,"minecraft:deaths":3,"minecraft:sneak_time":2674,"minecraft:jump":337,"minecraft:interact_with_brewingstand":1,"minecraft:total_world_time":28903,"minecraft:fall_one_cm":10607},"minecraft:picked_up":{"minecraft:crafting_table":2,"minecraft:andesite":2,"minecraft:leather":6,"minecraft:tuff":1,"minecraft:oak_log":12,"minecraft:bone":7,"minecraft:stone_bricks":1,"minecraft:cobbled_deepslate":15,"minecraft:raw_gold":8,"minecraft:spruce_planks":21,"minecraft:beef":6,"minecraft:stone_pickaxe":1,"minecraft:mossy_stone_bricks":1,"minecraft:furnace":3,"minecraft:raw_iron":14,"minecraft:stick":2,"minecraft:torch":1,"minecraft:diorite":2,"minecraft:spruce_log":7,"minecraft:arrow":5,"minecraft:stone_axe":1,"minecraft:coal":28,"minecraft:iron_bars":1,"minecraft:cobblestone":111},"minecraft:killed":{"minecraft:spider":1,"minecraft:skeleton":2,"minecraft:zombie":1,"minecraft:cow":2},"minecraft:mined":{"minecraft:tuff":1,"minecraft:crafting_table":2,"minecraft:cobblestone":3,"minecraft:spruce_leaves":6,"minecraft:deepslate_gold_ore":8,"minecraft:wall_torch":1,"minecraft:furnace":3,"minecraft:iron_ore":9,"minecraft:spruce_log":7,"minecraft:andesite":2,"minecraft:oak_log":6,"minecraft:coal_ore":15,"minecraft:deepslate_iron_ore":2,"minecraft:iron_bars":1,"minecraft:stone":65,"minecraft:stone_bricks":1,"minecraft:mossy_stone_bricks":1,"minecraft:deepslate":5},"minecraft:crafted":{"minecraft:cooked_beef":3,"minecraft:crafting_table":2,"minecraft:spruce_planks":28,"minecraft:wooden_pickaxe":2,"minecraft:iron_sword":1,"minecraft:furnace":1,"minecraft:stone_axe":1,"minecraft:bread":1,"minecraft:air":0,"minecraft:shield":1,"minecraft:stick":24,"minecraft:iron_ingot":8,"minecraft:iron_pickaxe":1,"minecraft:stone_pickaxe":3,"minecraft:stone_sword":1,"minecraft:torch":8}},"DataVersion":3465}