{"stats":{"minecraft:crafted":{"minecraft:oak_planks":24,"minecraft:iron_axe":1,"minecraft:crafting_table":1,"minecraft:stick":8,"minecraft:iron_pickaxe":1,"minecraft:shears":1,"minecraft:bread":69,"minecraft:wheat":207},"minecraft:used":{"minecraft:oak_log":4,"minecraft:iron_axe":71,"minecraft:bread":5,"minecraft:iron_pickaxe":48,"minecraft:oak_planks":2,"minecraft:white_wool":1,"minecraft:torch":1,"minecraft:dirt":4,"minecraft:crafting_table":1},"minecraft:dropped":{"minecraft:wheat_seeds":1,"minecraft:rotten_flesh":2,"sophisticatedbackpacks:backpack":1},"minecraft:picked_up":{"minecraft:stripped_oak_log":16,"minecraft:stick":5,"minecraft:oak_door":1,"minecraft:composter":1,"minecraft:torch":1,"sophisticatedbackpacks:backpack":1,"minecraft:oak_log":55,"minecraft:yellow_bed":1,"minecraft:blast_furnace":1,"minecraft:white_bed":1,"minecraft:carrot":1,"minecraft:dirt":4,"minecraft:mossy_cobblestone":1,"minecraft:rotten_flesh":2,"minecraft:wheat_seeds":2,"minecraft:hay_block":23,"minecraft:white_terracotta":28,"minecraft:oak_sapling":5,"minecraft:mutton":2,"minecraft:cobblestone":11,"minecraft:white_wool":1},"minecraft:mined":{"minecraft:white_terracotta":30,"minecraft:hay_block":23,"minecraft:white_bed":1,"minecraft:glass_pane":3,"minecraft:mossy_cobblestone":1,"minecraft:yellow_bed":1,"minecraft:grass":7,"minecraft:blast_furnace":1,"minecraft:oak_log":52,"minecraft:grass_block":3,"minecraft:dirt":1,"minecraft:stripped_oak_log":16,"minecraft:cobblestone":11,"minecraft:composter":1,"minecraft:oak_leaves":2},"minecraft:killed":{"minecraft:sheep":1,"minecraft:zombie_villager":1},"minecraft:custom":{"minecraft:time_since_rest":13753,"minecraft:sprint_one_cm":85910,"minecraft:damage_taken":160,"minecraft:walk_one_cm":27910,"minecraft:mob_kills":2,"minecraft:drop":4,"minecraft:damage_dealt":317,"minecraft:interact_with_crafting_table":3,"minecraft:fly_one_cm":308734,"minecraft:open_barrel":5,"minecraft:open_chest":6,"minecraft:crouch_one_cm":2415,"minecraft:play_time":35191,"minecraft:sneak_time":1841,"minecraft:jump":363,"minecraft:time_since_death":35191,"minecraft:sleep_in_bed":1,"minecraft:total_world_time":35191,"minecraft:climb_one_cm":344,"minecraft:fall_one_cm":9022}},"DataVersion":3465}