{"stats":{"minecraft:killed_by":{"minecraft:skeleton":1,"minecraft:creeper":2,"minecraft:zombie":7},"minecraft:used":{"minecraft:stone_pickaxe":50,"minecraft:shield":33,"minecraft:wooden_pickaxe":53,"minecraft:iron_sword":34,"minecraft:torch":7,"minecraft:crafting_table":3,"minecraft:iron_axe":11,"minecraft:iron_pickaxe":84,"minecraft:stone_axe":18,"minecraft:cobblestone":4,"minecraft:potion":2,"minecraft:furnace":3,"minecraft:andesite":2,"minecraft:cooked_beef":13,"minecraft:cobbled_deepslate":15,"minecraft:splash_potion":7},"minecraft:dropped":{"minecraft:glass_bottle":1,"minecraft:shield":1,"minecraft:wooden_pickaxe":2},"minecraft:custom":{"minecraft:interact_with_furnace":8,"minecraft:mob_kills":17,"minecraft:interact_with_crafting_table":14,"minecraft:leave_game":3,"minecraft:time_since_death":1645,"minecraft:climb_one_cm":7975,"minecraft:time_since_rest":1665,"minecraft:sprint_one_cm":109935,"minecraft:damage_taken":4298,"minecraft:walk_one_cm":68626,"minecraft:damage_blocked_by_shield":1860,"minecraft:drop":4,"minecraft:damage_dealt":3338,"minecraft:swim_one_cm":901,"minecraft:fly_one_cm":110423,"minecraft:open_chest":7,"minecraft:crouch_one_cm":7320,"minecraft:play_time":54734,"minecraft:walk_under_water_one_cm":87,"minecraft:deaths":11,"minecraft:sneak_time":4183,"minecraft:jump":667,"minecraft:interact_with_brewingstand":1,"minecraft:walk_on_water_one_cm":3947,"minecraft:total_world_time":54734,"minecraft:fall_one_cm":18259},"minecraft:picked_up":{"minecraft:crafting_table":2,"minecraft:cooked_beef":214,"minecraft:splash_potion":9,"minecraft:andesite":2,"minecraft:leather":6,"minecraft:potion":1,"minecraft:tuff":9,"minecraft:oak_log":12,"minecraft:shield":7,"minecraft:string":13,"minecraft:iron_axe":8,"minecraft:bone":15,"minecraft:stone_bricks":1,"minecraft:cobbled_deepslate":109,"minecraft:raw_gold":109,"minecraft:spruce_planks":21,"minecraft:beef":6,"minecraft:stone_pickaxe":1,"minecraft:mossy_stone_bricks":1,"minecraft:iron_pickaxe":8,"minecraft:glass_bottle":1,"minecraft:iron_sword":6,"minecraft:furnace":3,"minecraft:stick":2,"minecraft:raw_iron":44,"minecraft:torch":1,"minecraft:amethyst_shard":96,"minecraft:diorite":2,"minecraft:spruce_log":7,"minecraft:redstone":388,"minecraft:arrow":9,"minecraft:rotten_flesh":60,"minecraft:diamond":38,"minecraft:stone_axe":1,"minecraft:coal":28,"minecraft:iron_bars":1,"minecraft:rail":20,"minecraft:cobblestone":111},"minecraft:killed":{"minecraft:spider":2,"minecraft:skeleton":3,"minecraft:zombie":9,"minecraft:cow":2},"minecraft:mined":{"minecraft:deepslate_redstone_ore":10,"minecraft:tuff":2,"minecraft:deepslate_diamond_ore":5,"minecraft:amethyst_cluster":3,"minecraft:crafting_table":2,"minecraft:cobblestone":3,"minecraft:spruce_leaves":6,"minecraft:deepslate_gold_ore":25,"minecraft:wall_torch":1,"minecraft:furnace":3,"minecraft:iron_ore":9,"minecraft:cobbled_deepslate":2,"minecraft:white_carpet":1,"minecraft:spruce_log":7,"minecraft:andesite":2,"minecraft:rail":5,"minecraft:coal_ore":15,"minecraft:oak_log":6,"minecraft:deepslate_iron_ore":6,"minecraft:iron_bars":1,"minecraft:cobweb":2,"minecraft:stone":65,"minecraft:stone_bricks":1,"minecraft:mossy_stone_bricks":1,"minecraft:deepslate":28},"minecraft:crafted":{"minecraft:cooked_beef":3,"minecraft:crafting_table":2,"minecraft:spruce_planks":28,"minecraft:wooden_pickaxe":2,"minecraft:iron_sword":1,"minecraft:furnace":1,"minecraft:stone_axe":1,"minecraft:bread":1,"minecraft:air":0,"minecraft:shield":1,"minecraft:stick":24,"minecraft:iron_ingot":8,"minecraft:iron_pickaxe":1,"minecraft:stone_pickaxe":3,"minecraft:stone_sword":1,"minecraft:torch":8}},"DataVersion":3465}