{"stats":{"minecraft:custom":{"minecraft:time_since_rest":4664,"minecraft:open_chest":3,"minecraft:crouch_one_cm":648,"minecraft:deaths":1,"minecraft:play_time":10955,"minecraft:sprint_one_cm":25028,"minecraft:damage_taken":225,"minecraft:walk_one_cm":9439,"minecraft:sneak_time":495,"minecraft:drop":1,"minecraft:jump":177,"minecraft:interact_with_brewingstand":1,"minecraft:leave_game":1,"minecraft:time_since_death":4644,"minecraft:total_world_time":10955,"minecraft:climb_one_cm":5528,"minecraft:interact_with_crafting_table":6,"minecraft:fall_one_cm":3595,"minecraft:fly_one_cm":44888},"minecraft:used":{"minecraft:stone_pickaxe":5,"minecraft:wooden_pickaxe":11,"minecraft:splash_potion":1},"minecraft:picked_up":{"minecraft:stone_bricks":1,"minecraft:mossy_stone_bricks":1,"minecraft:spruce_log":7,"minecraft:coal":5,"minecraft:iron_bars":1,"minecraft:cobblestone":8},"minecraft:mined":{"minecraft:coal_ore":5,"minecraft:iron_bars":1,"minecraft:spruce_leaves":6,"minecraft:spruce_log":7,"minecraft:stone_bricks":1,"minecraft:stone":8,"minecraft:mossy_stone_bricks":1},"minecraft:killed_by":{"minecraft:zombie":1},"minecraft:crafted":{"minecraft:stone_sword":1,"minecraft:spruce_planks":28,"minecraft:stick":8,"minecraft:bread":1,"minecraft:wooden_pickaxe":1,"minecraft:stone_pickaxe":2},"minecraft:dropped":{"minecraft:wooden_pickaxe":1}},"DataVersion":3465}