{"stats":{"minecraft:crafted":{"minecraft:oak_planks":88,"minecraft:diamond_sword":1,"minecraft:crafting_table":3,"minecraft:furnace":1,"minecraft:bucket":1,"minecraft:bread":69,"minecraft:air":0,"minecraft:iron_boots":1,"minecraft:iron_chestplate":1,"minecraft:diamond_pickaxe":1,"minecraft:iron_axe":1,"minecraft:stick":16,"minecraft:iron_ingot":5,"minecraft:iron_pickaxe":1,"minecraft:torch":8,"minecraft:shears":1,"minecraft:wheat":207},"minecraft:used":{"minecraft:water_bucket":2,"minecraft:oak_planks":2,"minecraft:white_terracotta":17,"minecraft:white_wool":1,"minecraft:torch":23,"minecraft:mossy_cobblestone":1,"minecraft:dirt":4,"minecraft:crafting_table":4,"minecraft:blast_furnace":1,"spartanweaponry:iron_longbow":7,"minecraft:granite":3,"minecraft:oak_log":4,"minecraft:diamond_pickaxe":60,"minecraft:iron_axe":99,"minecraft:bread":31,"minecraft:iron_pickaxe":143,"minecraft:diamond_sword":17,"minecraft:magma_block":2,"minecraft:cobblestone":25,"minecraft:furnace":1,"minecraft:bucket":2,"minecraft:cobbled_deepslate":28},"minecraft:dropped":{"minecraft:wheat_seeds":1,"minecraft:mossy_cobblestone":1,"minecraft:rotten_flesh":2,"sophisticatedbackpacks:backpack":1},"minecraft:picked_up":{"minecraft:stripped_oak_log":48,"minecraft:crafting_table":1,"minecraft:iron_chestplate":2,"minecraft:magma_block":2,"minecraft:diamond_sword":1,"minecraft:potion":2,"minecraft:oak_log":145,"minecraft:yellow_bed":3,"minecraft:gunpowder":4,"minecraft:lapis_lazuli":70,"minecraft:string":4,"minecraft:dirt":4,"minecraft:iron_axe":3,"minecraft:name_tag":6,"minecraft:bone":48,"minecraft:apple":30,"minecraft:bow":2,"minecraft:wheat_seeds":4,"minecraft:raw_gold":12,"minecraft:cobbled_deepslate":53,"spartanweaponry:iron_longbow":3,"minecraft:bucket":1,"minecraft:iron_ingot":12,"minecraft:iron_pickaxe":3,"minecraft:bamboo":18,"spartanweaponry:iron_flanged_mace":2,"minecraft:oak_planks":66,"minecraft:iron_boots":2,"minecraft:furnace":2,"minecraft:stick":26,"minecraft:raw_iron":58,"minecraft:oak_door":3,"minecraft:composter":3,"minecraft:torch":21,"sophisticatedbackpacks:backpack":4,"minecraft:blast_furnace":2,"minecraft:white_bed":3,"minecraft:carrot":1,"minecraft:redstone":153,"minecraft:spider_eye":2,"minecraft:mossy_cobblestone":3,"minecraft:arrow":11,"minecraft:rotten_flesh":24,"minecraft:diamond":18,"minecraft:pumpkin_pie":6,"minecraft:hay_block":23,"minecraft:granite":5,"minecraft:bread":172,"minecraft:white_terracotta":82,"minecraft:oak_sapling":15,"minecraft:obsidian":19,"minecraft:mutton":6,"minecraft:coal":2,"minecraft:white_wool":1,"minecraft:cobblestone":42,"minecraft:diamond_pickaxe":1},"minecraft:mined":{"minecraft:deepslate_redstone_ore":14,"minecraft:white_bed":1,"minecraft:glass_pane":3,"minecraft:mossy_cobblestone":1,"minecraft:deepslate_diamond_ore":11,"minecraft:obsidian":19,"minecraft:crafting_table":1,"minecraft:torch":3,"minecraft:granite":4,"minecraft:blast_furnace":1,"minecraft:grass_block":3,"minecraft:cobblestone":15,"minecraft:deepslate_gold_ore":7,"minecraft:composter":1,"minecraft:wall_torch":10,"minecraft:hay_block":23,"minecraft:white_terracotta":37,"minecraft:magma_block":2,"minecraft:furnace":1,"minecraft:iron_ore":4,"minecraft:cobbled_deepslate":9,"minecraft:deepslate_lapis_ore":5,"minecraft:yellow_bed":1,"minecraft:grass":7,"minecraft:oak_log":52,"minecraft:deepslate_iron_ore":22,"minecraft:dirt":1,"minecraft:stripped_oak_log":16,"minecraft:stone":13,"minecraft:oak_leaves":2,"minecraft:deepslate":30},"minecraft:killed":{"minecraft:zombie_villager":1,"minecraft:spider":1,"minecraft:creeper":1,"minecraft:skeleton":7,"minecraft:sheep":1,"minecraft:zombie":8},"minecraft:custom":{"minecraft:interact_with_furnace":3,"minecraft:mob_kills":20,"minecraft:interact_with_crafting_table":11,"minecraft:open_barrel":5,"minecraft:time_since_death":5966,"minecraft:sleep_in_bed":1,"minecraft:climb_one_cm":344,"minecraft:time_since_rest":6029,"minecraft:sprint_one_cm":154338,"minecraft:damage_taken":2270,"minecraft:walk_one_cm":67327,"minecraft:drop":5,"minecraft:damage_dealt":3475,"minecraft:swim_one_cm":26506,"minecraft:fly_one_cm":383139,"minecraft:open_chest":6,"minecraft:crouch_one_cm":7181,"minecraft:play_time":71191,"minecraft:deaths":3,"minecraft:sneak_time":4490,"minecraft:walk_under_water_one_cm":5673,"minecraft:jump":779,"minecraft:interact_with_blast_furnace":2,"minecraft:walk_on_water_one_cm":10202,"minecraft:total_world_time":71191,"minecraft:fall_one_cm":22677},"minecraft:killed_by":{"minecraft:skeleton":1,"minecraft:zombie":2}},"DataVersion":3465}