{"stats":{"minecraft:killed":{"minecraft:pillager":2},"minecraft:killed_by":{"minecraft:husk":1,"naturalist:rattlesnake":6,"minecraft:pillager":2},"minecraft:picked_up":{"minecraft:stick":1,"minecraft:sandstone_slab":1,"minecraft:diamond_horse_armor":1,"minecraft:oak_log":4,"minecraft:gunpowder":4,"sophisticatedbackpacks:magnet_upgrade":1,"naturalist:lizard_tail":1,"minecraft:string":53,"minecraft:iron_axe":1,"minecraft:tnt":36,"minecraft:item_frame":2,"minecraft:light_gray_bed":1,"minecraft:diamond":2,"minecraft:hay_block":1,"minecraft:iron_ingot":3,"minecraft:iron_block":1,"minecraft:iron_pickaxe":1,"minecraft:golden_apple":2,"minecraft:saddle":5,"minecraft:gold_ingot":12,"minecraft:oak_sapling":4,"minecraft:sugar_cane":28},"minecraft:mined":{"minecraft:hay_block":2,"minecraft:sandstone_slab":1,"minecraft:tnt":9,"minecraft:oak_log":4,"minecraft:dead_bush":2,"minecraft:light_gray_bed":1,"minecraft:iron_block":1,"minecraft:sugar_cane":13,"minecraft:oak_leaves":2},"minecraft:used":{"minecraft:iron_pickaxe":2,"minecraft:item_frame":2,"minecraft:sand":7,"minecraft:hay_block":1,"minecraft:sandstone_slab":1},"minecraft:dropped":{"minecraft:stick":1},"minecraft:custom":{"minecraft:time_since_rest":4505,"minecraft:sprint_one_cm":85933,"minecraft:damage_taken":2422,"minecraft:walk_one_cm":25447,"minecraft:mob_kills":3,"minecraft:drop":1,"minecraft:damage_dealt":414,"minecraft:swim_one_cm":237,"minecraft:fly_one_cm":184464,"minecraft:open_chest":24,"minecraft:crouch_one_cm":1431,"minecraft:play_time":24028,"minecraft:deaths":9,"minecraft:sneak_time":562,"minecraft:walk_under_water_one_cm":854,"minecraft:jump":687,"minecraft:leave_game":6,"minecraft:walk_on_water_one_cm":1549,"minecraft:time_since_death":4473,"minecraft:climb_one_cm":3009,"minecraft:total_world_time":24028,"minecraft:fall_one_cm":21086}},"DataVersion":3465}