{"stats":{"minecraft:killed_by":{"minecraft:skeleton":1,"minecraft:zombie":1},"minecraft:used":{"minecraft:stone_pickaxe":19,"minecraft:wooden_pickaxe":53,"minecraft:stone_axe":13,"minecraft:splash_potion":1},"minecraft:dropped":{"minecraft:wooden_pickaxe":2},"minecraft:picked_up":{"minecraft:stick":2,"minecraft:leather":6,"minecraft:oak_log":12,"minecraft:diorite":2,"minecraft:spruce_log":7,"minecraft:arrow":4,"minecraft:bone":6,"minecraft:stone_bricks":1,"minecraft:stone_axe":1,"minecraft:spruce_planks":21,"minecraft:beef":6,"minecraft:stone_pickaxe":1,"minecraft:mossy_stone_bricks":1,"minecraft:iron_bars":1,"minecraft:coal":13,"minecraft:cobblestone":101},"minecraft:custom":{"minecraft:time_since_rest":1078,"minecraft:sprint_one_cm":47863,"minecraft:damage_taken":465,"minecraft:walk_one_cm":20270,"minecraft:mob_kills":5,"minecraft:drop":2,"minecraft:damage_dealt":573,"minecraft:interact_with_crafting_table":8,"minecraft:fly_one_cm":54456,"minecraft:open_chest":3,"minecraft:crouch_one_cm":1467,"minecraft:play_time":16941,"minecraft:deaths":2,"minecraft:sneak_time":1002,"minecraft:jump":248,"minecraft:interact_with_brewingstand":1,"minecraft:leave_game":1,"minecraft:time_since_death":1058,"minecraft:climb_one_cm":7975,"minecraft:total_world_time":16941,"minecraft:fall_one_cm":5058},"minecraft:killed":{"minecraft:zombie":1,"minecraft:spider":1,"minecraft:cow":2},"minecraft:mined":{"minecraft:spruce_log":7,"minecraft:coal_ore":12,"minecraft:oak_log":6,"minecraft:iron_bars":1,"minecraft:spruce_leaves":6,"minecraft:stone_bricks":1,"minecraft:stone":57,"minecraft:mossy_stone_bricks":1},"minecraft:crafted":{"minecraft:spruce_planks":28,"minecraft:stick":16,"minecraft:wooden_pickaxe":2,"minecraft:stone_pickaxe":3,"minecraft:stone_sword":1,"minecraft:stone_axe":1,"minecraft:bread":1}},"DataVersion":3465}