{"stats":{"minecraft:used":{"minecraft:white_terracotta":17,"minecraft:iron_chestplate":1,"minecraft:torch":27,"minecraft:dirt":4,"spartanweaponry:iron_longbow":7,"minecraft:granite":3,"minecraft:iron_axe":99,"minecraft:iron_helmet":1,"minecraft:smooth_basalt":4,"minecraft:magma_block":2,"minecraft:furnace":1,"minecraft:cobbled_deepslate":41,"minecraft:iron_leggings":1,"minecraft:calcite":8,"minecraft:water_bucket":7,"minecraft:amethyst_block":9,"minecraft:oak_planks":2,"minecraft:white_wool":1,"minecraft:mossy_cobblestone":1,"minecraft:crafting_table":5,"spartanweaponry:iron_flanged_mace":5,"minecraft:blast_furnace":1,"minecraft:crossbow":2,"minecraft:oak_log":4,"minecraft:diamond_pickaxe":204,"minecraft:bread":42,"minecraft:iron_pickaxe":143,"minecraft:gravel":2,"minecraft:diamond_sword":53,"minecraft:cobblestone":25,"minecraft:bucket":8},"minecraft:crafted":{"minecraft:oak_planks":88,"minecraft:furnace":1,"minecraft:iron_boots":1,"minecraft:iron_axe":1,"minecraft:wheat":207,"minecraft:diamond_sword":1,"minecraft:crafting_table":4,"minecraft:iron_helmet":1,"minecraft:bucket":1,"minecraft:bread":69,"minecraft:air":0,"minecraft:iron_chestplate":1,"minecraft:diamond_pickaxe":1,"minecraft:stick":16,"minecraft:iron_ingot":5,"minecraft:iron_pickaxe":1,"minecraft:iron_leggings":1,"minecraft:torch":8,"minecraft:shears":1},"minecraft:dropped":{"minecraft:wheat_seeds":1,"minecraft:mossy_cobblestone":1,"minecraft:rotten_flesh":2,"sophisticatedbackpacks:backpack":1},"minecraft:picked_up":{"minecraft:iron_chestplate":5,"minecraft:crafting_table":1,"minecraft:leather_leggings":1,"minecraft:sentry_armor_trim_smithing_template":2,"minecraft:diamond_sword":4,"minecraft:potion":2,"minecraft:amethyst_block":61,"minecraft:string":8,"minecraft:iron_axe":6,"minecraft:cobbled_deepslate":102,"spartanweaponry:iron_longbow":6,"minecraft:bucket":1,"minecraft:calcite":32,"minecraft:iron_pickaxe":6,"spartanweaponry:iron_flanged_mace":5,"minecraft:iron_boots":4,"minecraft:furnace":5,"minecraft:raw_iron":166,"minecraft:stick":36,"minecraft:oak_door":3,"minecraft:composter":3,"minecraft:torch":30,"sophisticatedbackpacks:backpack":7,"minecraft:carrot":1,"minecraft:redstone":279,"minecraft:arrow":23,"minecraft:rotten_flesh":38,"minecraft:pumpkin_pie":6,"minecraft:hay_block":23,"minecraft:white_terracotta":85,"minecraft:mutton":6,"minecraft:obsidian":80,"minecraft:cobblestone":42,"minecraft:white_wool":1,"minecraft:stripped_oak_log":48,"minecraft:magma_block":2,"minecraft:water_bucket":3,"minecraft:tuff":32,"minecraft:oak_log":145,"minecraft:yellow_bed":3,"minecraft:gunpowder":5,"minecraft:lapis_lazuli":142,"minecraft:dirt":4,"minecraft:name_tag":6,"minecraft:bone":60,"minecraft:apple":30,"minecraft:bow":2,"minecraft:wheat_seeds":4,"minecraft:raw_gold":33,"minecraft:iron_ingot":78,"minecraft:bamboo":18,"minecraft:oak_planks":66,"minecraft:purple_concrete":2,"minecraft:smooth_basalt":4,"minecraft:gravel":2,"minecraft:amethyst_shard":32,"minecraft:blast_furnace":2,"minecraft:white_bed":3,"minecraft:spider_eye":2,"minecraft:mossy_cobblestone":3,"minecraft:diamond":36,"minecraft:iron_helmet":1,"minecraft:crossbow":1,"minecraft:granite":5,"minecraft:bread":294,"minecraft:oak_sapling":15,"minecraft:coal":2,"minecraft:diamond_pickaxe":3},"minecraft:mined":{"minecraft:tuff":14,"minecraft:white_bed":1,"minecraft:mossy_cobblestone":1,"minecraft:deepslate_diamond_ore":17,"minecraft:obsidian":20,"minecraft:granite":4,"minecraft:grass_block":3,"minecraft:composter":1,"minecraft:hay_block":23,"minecraft:magma_block":2,"minecraft:furnace":1,"minecraft:iron_ore":4,"minecraft:cobbled_deepslate":10,"minecraft:deepslate_lapis_ore":8,"minecraft:deepslate_iron_ore":75,"minecraft:stripped_oak_log":16,"minecraft:stone":13,"minecraft:deepslate_redstone_ore":14,"minecraft:glass_pane":3,"minecraft:amethyst_cluster":2,"minecraft:crafting_table":1,"minecraft:torch":5,"minecraft:blast_furnace":1,"minecraft:calcite":8,"minecraft:cobblestone":15,"minecraft:deepslate_gold_ore":7,"minecraft:wall_torch":13,"minecraft:amethyst_block":19,"minecraft:white_terracotta":38,"minecraft:purple_concrete":2,"minecraft:yellow_bed":1,"minecraft:grass":8,"minecraft:oak_log":52,"minecraft:gravel":2,"minecraft:dirt":1,"minecraft:smooth_basalt":4,"minecraft:oak_leaves":2,"minecraft:deepslate":60},"minecraft:killed":{"minecraft:spider":2,"minecraft:skeleton":10,"minecraft:zombie_villager":1,"minecraft:creeper":2,"minecraft:sheep":1,"minecraft:pillager":2,"minecraft:zombie":11},"minecraft:custom":{"minecraft:mob_kills":30,"minecraft:interact_with_crafting_table":14,"minecraft:open_barrel":5,"minecraft:time_since_death":1276,"minecraft:climb_one_cm":344,"minecraft:sprint_one_cm":239443,"minecraft:walk_one_cm":99383,"minecraft:drop":5,"minecraft:damage_dealt_absorbed":160,"minecraft:play_time":95191,"minecraft:deaths":6,"minecraft:sneak_time":5768,"minecraft:walk_under_water_one_cm":8950,"minecraft:jump":1472,"minecraft:interact_with_blast_furnace":2,"minecraft:walk_on_water_one_cm":15730,"minecraft:total_world_time":95191,"minecraft:interact_with_furnace":3,"minecraft:sleep_in_bed":1,"minecraft:time_since_rest":1321,"minecraft:damage_taken":3797,"minecraft:damage_dealt":6132,"minecraft:fly_one_cm":706667,"minecraft:swim_one_cm":38347,"minecraft:open_chest":9,"minecraft:crouch_one_cm":8846,"minecraft:fall_one_cm":41436},"minecraft:killed_by":{"minecraft:zombie_villager":1,"minecraft:pillager":1,"minecraft:skeleton":2,"minecraft:zombie":2}},"DataVersion":3465}