{"stats":{"minecraft:crafted":{"minecraft:oak_planks":24,"minecraft:iron_axe":1,"minecraft:crafting_table":1,"minecraft:stick":8,"minecraft:iron_pickaxe":1,"minecraft:shears":1,"minecraft:bread":69,"minecraft:wheat":207},"minecraft:used":{"minecraft:oak_log":4,"minecraft:iron_axe":60,"minecraft:bread":5,"minecraft:iron_pickaxe":1,"minecraft:oak_planks":2,"minecraft:white_wool":1,"minecraft:torch":1,"minecraft:dirt":4,"minecraft:crafting_table":1},"minecraft:dropped":{"minecraft:wheat_seeds":1,"minecraft:rotten_flesh":2,"sophisticatedbackpacks:backpack":1},"minecraft:picked_up":{"minecraft:stripped_oak_log":5,"minecraft:stick":4,"minecraft:composter":1,"sophisticatedbackpacks:backpack":1,"minecraft:oak_log":55,"minecraft:blast_furnace":1,"minecraft:white_bed":1,"minecraft:carrot":1,"minecraft:dirt":4,"minecraft:rotten_flesh":2,"minecraft:wheat_seeds":2,"minecraft:hay_block":23,"minecraft:oak_sapling":5,"minecraft:mutton":2,"minecraft:white_wool":1},"minecraft:mined":{"minecraft:hay_block":23,"minecraft:white_bed":1,"minecraft:grass":6,"minecraft:blast_furnace":1,"minecraft:oak_log":52,"minecraft:grass_block":3,"minecraft:dirt":1,"minecraft:stripped_oak_log":5,"minecraft:composter":1,"minecraft:oak_leaves":2},"minecraft:killed":{"minecraft:sheep":1,"minecraft:zombie_villager":1},"minecraft:custom":{"minecraft:time_since_rest":1753,"minecraft:sprint_one_cm":84121,"minecraft:damage_taken":160,"minecraft:walk_one_cm":21001,"minecraft:mob_kills":2,"minecraft:drop":4,"minecraft:damage_dealt":317,"minecraft:interact_with_crafting_table":3,"minecraft:fly_one_cm":308373,"minecraft:open_barrel":5,"minecraft:open_chest":6,"minecraft:crouch_one_cm":2415,"minecraft:play_time":23191,"minecraft:sneak_time":1841,"minecraft:jump":360,"minecraft:time_since_death":23191,"minecraft:sleep_in_bed":1,"minecraft:total_world_time":23191,"minecraft:climb_one_cm":344,"minecraft:fall_one_cm":9022}},"DataVersion":3465}