{"stats":{"minecraft:custom":{"minecraft:time_since_rest":32363,"minecraft:interact_with_furnace":6,"minecraft:sprint_one_cm":45201,"minecraft:damage_taken":525,"minecraft:walk_one_cm":35852,"minecraft:mob_kills":7,"minecraft:drop":9,"minecraft:damage_dealt":860,"minecraft:swim_one_cm":1255,"minecraft:interact_with_crafting_table":6,"minecraft:fly_one_cm":143884,"minecraft:crouch_one_cm":3917,"minecraft:play_time":32363,"minecraft:sneak_time":2286,"minecraft:walk_under_water_one_cm":1844,"minecraft:jump":218,"minecraft:walk_on_water_one_cm":4264,"minecraft:leave_game":4,"minecraft:time_since_death":32363,"minecraft:total_world_time":32363,"minecraft:fall_one_cm":6274},"minecraft:used":{"minecraft:wooden_axe":16,"minecraft:stone_pickaxe":42,"minecraft:wooden_pickaxe":29,"minecraft:torch":23,"minecraft:stone_axe":15,"minecraft:dirt":2,"minecraft:cobblestone":15,"minecraft:crafting_table":3,"minecraft:furnace":1,"minecraft:cooked_beef":5,"minecraft:acacia_planks":9},"minecraft:killed":{"minecraft:zombie":2,"minecraft:pig":2,"minecraft:cow":3},"minecraft:crafted":{"minecraft:cooked_beef":7,"minecraft:oak_planks":20,"minecraft:cooked_porkchop":5,"minecraft:shield":1,"minecraft:crafting_table":1,"minecraft:stick":16,"minecraft:iron_ingot":2,"minecraft:wooden_pickaxe":1,"minecraft:stone_pickaxe":1,"minecraft:wooden_axe":1,"minecraft:furnace":1,"minecraft:acacia_planks":32,"minecraft:torch":32,"minecraft:stone_axe":1,"minecraft:air":0},"minecraft:mined":{"minecraft:acacia_leaves":2,"minecraft:furnace":1,"minecraft:iron_ore":6,"minecraft:torch":1,"minecraft:crafting_table":2,"minecraft:granite":2,"minecraft:grass":5,"minecraft:acacia_log":8,"minecraft:coal_ore":17,"minecraft:grass_block":1,"minecraft:oak_log":5,"minecraft:dirt":1,"minecraft:cobblestone":2,"minecraft:acacia_planks":9,"minecraft:stone":43,"minecraft:wall_torch":1},"minecraft:picked_up":{"minecraft:wooden_axe":2,"minecraft:raw_iron":5,"minecraft:crafting_table":2,"minecraft:leather":5,"minecraft:torch":2,"minecraft:acacia_log":8,"minecraft:wooden_pickaxe":2,"minecraft:porkchop":5,"minecraft:oak_log":5,"minecraft:dirt":2,"minecraft:rotten_flesh":1,"minecraft:acacia_planks":9,"minecraft:wheat_seeds":2,"minecraft:granite":1,"minecraft:beef":7,"minecraft:coal":17,"minecraft:cobblestone":43,"minecraft:furnace":1},"minecraft:dropped":{"minecraft:wheat_seeds":2,"minecraft:wooden_axe":3,"minecraft:wooden_pickaxe":3,"minecraft:acacia_planks":18}},"DataVersion":3465}