{"stats":{"minecraft:killed_by":{"minecraft:skeleton":1,"minecraft:creeper":1,"minecraft:zombie":2},"minecraft:used":{"minecraft:stone_pickaxe":50,"minecraft:wooden_pickaxe":53,"minecraft:shield":12,"minecraft:iron_sword":9,"minecraft:torch":7,"minecraft:crafting_table":3,"minecraft:iron_pickaxe":54,"minecraft:stone_axe":18,"minecraft:potion":2,"minecraft:cobblestone":4,"minecraft:furnace":3,"minecraft:andesite":2,"minecraft:cooked_beef":6,"minecraft:cobbled_deepslate":12,"minecraft:splash_potion":1},"minecraft:dropped":{"minecraft:glass_bottle":1,"minecraft:shield":1,"minecraft:wooden_pickaxe":2},"minecraft:custom":{"minecraft:interact_with_furnace":8,"minecraft:mob_kills":9,"minecraft:interact_with_crafting_table":14,"minecraft:leave_game":2,"minecraft:time_since_death":1745,"minecraft:climb_one_cm":7975,"minecraft:time_since_rest":1765,"minecraft:sprint_one_cm":75308,"minecraft:damage_taken":1925,"minecraft:walk_one_cm":44101,"minecraft:damage_blocked_by_shield":765,"minecraft:drop":4,"minecraft:damage_dealt":1333,"minecraft:fly_one_cm":81011,"minecraft:open_chest":5,"minecraft:crouch_one_cm":6081,"minecraft:play_time":41868,"minecraft:deaths":5,"minecraft:sneak_time":3349,"minecraft:jump":481,"minecraft:interact_with_brewingstand":1,"minecraft:walk_on_water_one_cm":2545,"minecraft:total_world_time":41868,"minecraft:fall_one_cm":12759},"minecraft:picked_up":{"minecraft:crafting_table":2,"minecraft:cooked_beef":58,"minecraft:andesite":2,"minecraft:leather":6,"minecraft:potion":1,"minecraft:tuff":3,"minecraft:oak_log":12,"minecraft:shield":3,"minecraft:iron_axe":2,"minecraft:bone":7,"minecraft:stone_bricks":1,"minecraft:cobbled_deepslate":34,"minecraft:raw_gold":19,"minecraft:spruce_planks":21,"minecraft:beef":6,"minecraft:stone_pickaxe":1,"minecraft:mossy_stone_bricks":1,"minecraft:iron_pickaxe":2,"minecraft:glass_bottle":1,"minecraft:iron_sword":2,"minecraft:furnace":3,"minecraft:raw_iron":21,"minecraft:stick":2,"minecraft:torch":1,"minecraft:amethyst_shard":24,"minecraft:diorite":2,"minecraft:spruce_log":7,"minecraft:redstone":124,"minecraft:arrow":5,"minecraft:rotten_flesh":4,"minecraft:diamond":6,"minecraft:stone_axe":1,"minecraft:coal":28,"minecraft:iron_bars":1,"minecraft:cobblestone":111},"minecraft:killed":{"minecraft:spider":1,"minecraft:skeleton":3,"minecraft:zombie":2,"minecraft:cow":2},"minecraft:mined":{"minecraft:deepslate_redstone_ore":10,"minecraft:tuff":2,"minecraft:deepslate_diamond_ore":3,"minecraft:amethyst_cluster":3,"minecraft:crafting_table":2,"minecraft:cobblestone":3,"minecraft:spruce_leaves":6,"minecraft:deepslate_gold_ore":13,"minecraft:wall_torch":1,"minecraft:furnace":3,"minecraft:iron_ore":9,"minecraft:spruce_log":7,"minecraft:andesite":2,"minecraft:oak_log":6,"minecraft:coal_ore":15,"minecraft:deepslate_iron_ore":5,"minecraft:iron_bars":1,"minecraft:stone":65,"minecraft:stone_bricks":1,"minecraft:mossy_stone_bricks":1,"minecraft:deepslate":20},"minecraft:crafted":{"minecraft:cooked_beef":3,"minecraft:crafting_table":2,"minecraft:spruce_planks":28,"minecraft:wooden_pickaxe":2,"minecraft:iron_sword":1,"minecraft:furnace":1,"minecraft:stone_axe":1,"minecraft:bread":1,"minecraft:air":0,"minecraft:shield":1,"minecraft:stick":24,"minecraft:iron_ingot":8,"minecraft:iron_pickaxe":1,"minecraft:stone_pickaxe":3,"minecraft:stone_sword":1,"minecraft:torch":8}},"DataVersion":3465}