{"stats":{"minecraft:custom":{"minecraft:jump":36,"minecraft:time_since_rest":20,"minecraft:leave_game":1,"minecraft:deaths":1,"minecraft:crouch_one_cm":455,"minecraft:damage_taken":275,"minecraft:sprint_one_cm":5550,"minecraft:play_time":9989,"minecraft:time_since_death":0,"minecraft:walk_one_cm":1614,"minecraft:sneak_time":589,"minecraft:total_world_time":9989,"minecraft:drop":2,"minecraft:fall_one_cm":267,"minecraft:fly_one_cm":258174},"minecraft:used":{"minecraft:sand":5},"minecraft:killed_by":{"minecraft:zombie":1},"minecraft:picked_up":{"minecraft:stick":9,"minecraft:spruce_sapling":6},"minecraft:dropped":{"minecraft:spruce_sapling":2}},"DataVersion":3465}