{"stats":{"minecraft:custom":{"minecraft:open_chest":2,"minecraft:time_since_rest":3624,"minecraft:crouch_one_cm":316,"minecraft:play_time":3624,"minecraft:sprint_one_cm":6252,"minecraft:walk_one_cm":1526,"minecraft:sneak_time":313,"minecraft:drop":1,"minecraft:jump":59,"minecraft:interact_with_brewingstand":1,"minecraft:leave_game":1,"minecraft:time_since_death":3624,"minecraft:total_world_time":3624,"minecraft:climb_one_cm":16,"minecraft:fall_one_cm":1254,"minecraft:fly_one_cm":17642},"minecraft:used":{"minecraft:white_carpet":1,"minecraft:crafting_table":1},"minecraft:picked_up":{"minecraft:white_carpet":3,"minecraft:spruce_log":6},"minecraft:mined":{"minecraft:grass":5,"minecraft:spruce_log":6,"minecraft:white_carpet":2},"minecraft:crafted":{"minecraft:crafting_table":1,"minecraft:spruce_planks":24,"minecraft:stick":4},"minecraft:dropped":{"minecraft:white_carpet":1}},"DataVersion":3465}