{"stats":{"minecraft:custom":{"minecraft:interact_with_furnace":19,"minecraft:mob_kills":12,"minecraft:interact_with_crafting_table":8,"minecraft:time_since_death":38077,"minecraft:time_since_rest":38152,"minecraft:sprint_one_cm":46798,"minecraft:damage_taken":710,"minecraft:walk_one_cm":109684,"minecraft:damage_blocked_by_shield":265,"minecraft:damage_dealt":1588,"minecraft:talked_to_villager":1,"minecraft:swim_one_cm":917,"minecraft:fly_one_cm":90571,"minecraft:open_chest":2,"minecraft:crouch_one_cm":6762,"minecraft:play_time":54000,"minecraft:deaths":1,"minecraft:sneak_time":3350,"minecraft:walk_under_water_one_cm":2738,"minecraft:jump":711,"minecraft:walk_on_water_one_cm":6961,"minecraft:total_world_time":54000,"minecraft:fall_one_cm":20509},"minecraft:used":{"minecraft:stone_pickaxe":183,"minecraft:wooden_pickaxe":27,"minecraft:shield":9,"minecraft:cooked_salmon":3,"minecraft:torch":20,"minecraft:dirt":6,"minecraft:crafting_table":4,"minecraft:acacia_sapling":1,"minecraft:granite":6,"minecraft:iron_pickaxe":58,"minecraft:stone_axe":76,"minecraft:cobblestone":94,"minecraft:furnace":4,"minecraft:cooked_porkchop":3},"minecraft:killed":{"minecraft:pig":3,"minecraft:salmon":3,"minecraft:spider":2,"minecraft:skeleton":2,"minecraft:zombie":1,"minecraft:cow":1},"minecraft:broken":{"minecraft:stone_pickaxe":1},"minecraft:crafted":{"minecraft:cooked_porkchop":3,"minecraft:crafting_table":2,"minecraft:wooden_pickaxe":2,"minecraft:furnace":4,"minecraft:cooked_salmon":3,"minecraft:stone_axe":2,"minecraft:air":0,"minecraft:shield":1,"minecraft:stick":16,"minecraft:iron_ingot":11,"minecraft:iron_pickaxe":1,"minecraft:stone_pickaxe":2,"minecraft:acacia_planks":12,"minecraft:torch":16},"minecraft:mined":{"minecraft:acacia_leaves":3,"minecraft:crafting_table":3,"minecraft:glow_lichen":1,"minecraft:torch":3,"minecraft:granite":12,"minecraft:acacia_log":11,"minecraft:grass_block":2,"minecraft:copper_ore":1,"minecraft:cyan_bed":1,"minecraft:diorite":5,"minecraft:wall_torch":2,"minecraft:hay_block":23,"minecraft:furnace":1,"minecraft:iron_ore":25,"minecraft:andesite":5,"minecraft:grass":6,"minecraft:coal_ore":31,"minecraft:deepslate_iron_ore":18,"minecraft:sand":8,"minecraft:dirt":4,"minecraft:stone":138,"minecraft:deepslate":28},"minecraft:picked_up":{"minecraft:crafting_table":4,"minecraft:salmon":3,"minecraft:andesite":5,"minecraft:leather":1,"minecraft:dirt":6,"minecraft:string":3,"minecraft:raw_copper":3,"minecraft:bone":1,"minecraft:acacia_planks":18,"minecraft:bow":2,"minecraft:cobbled_deepslate":28,"minecraft:beef":3,"minecraft:acacia_sapling":1,"minecraft:furnace":5,"minecraft:stick":2,"minecraft:raw_iron":46,"minecraft:torch":20,"minecraft:acacia_log":11,"minecraft:sand":8,"minecraft:porkchop":12,"minecraft:diorite":5,"minecraft:cyan_bed":1,"minecraft:cactus":1,"minecraft:arrow":3,"minecraft:rotten_flesh":1,"minecraft:stone_axe":1,"minecraft:hay_block":22,"minecraft:granite":20,"minecraft:coal":44,"minecraft:cobblestone":143}},"DataVersion":3465}