{"stats":{"minecraft:custom":{"minecraft:time_since_rest":20152,"minecraft:interact_with_furnace":17,"minecraft:sprint_one_cm":28089,"minecraft:damage_taken":675,"minecraft:walk_one_cm":85281,"minecraft:damage_blocked_by_shield":265,"minecraft:mob_kills":7,"minecraft:damage_dealt":1274,"minecraft:swim_one_cm":203,"minecraft:interact_with_crafting_table":8,"minecraft:fly_one_cm":31006,"minecraft:crouch_one_cm":6460,"minecraft:play_time":36000,"minecraft:deaths":1,"minecraft:sneak_time":2934,"minecraft:walk_under_water_one_cm":648,"minecraft:jump":457,"minecraft:walk_on_water_one_cm":3208,"minecraft:time_since_death":20077,"minecraft:total_world_time":36000,"minecraft:fall_one_cm":12869},"minecraft:used":{"minecraft:stone_pickaxe":183,"minecraft:iron_pickaxe":38,"minecraft:shield":9,"minecraft:wooden_pickaxe":27,"minecraft:stone_axe":42,"minecraft:torch":18,"minecraft:dirt":2,"minecraft:cobblestone":69,"minecraft:crafting_table":4,"minecraft:cooked_porkchop":3,"minecraft:furnace":3,"minecraft:acacia_sapling":1,"minecraft:granite":6},"minecraft:killed":{"minecraft:skeleton":2,"minecraft:zombie":1,"minecraft:pig":1,"minecraft:spider":2,"minecraft:cow":1},"minecraft:broken":{"minecraft:stone_pickaxe":1},"minecraft:crafted":{"minecraft:cooked_porkchop":3,"minecraft:shield":1,"minecraft:crafting_table":2,"minecraft:stick":16,"minecraft:iron_pickaxe":1,"minecraft:iron_ingot":11,"minecraft:wooden_pickaxe":2,"minecraft:stone_pickaxe":2,"minecraft:furnace":4,"minecraft:acacia_planks":12,"minecraft:torch":16,"minecraft:stone_axe":2,"minecraft:air":0},"minecraft:mined":{"minecraft:acacia_leaves":3,"minecraft:iron_ore":25,"minecraft:andesite":5,"minecraft:torch":1,"minecraft:glow_lichen":1,"minecraft:crafting_table":3,"minecraft:granite":12,"minecraft:grass":6,"minecraft:acacia_log":11,"minecraft:grass_block":1,"minecraft:coal_ore":29,"minecraft:deepslate_iron_ore":18,"minecraft:dirt":1,"minecraft:copper_ore":1,"minecraft:stone":121,"minecraft:diorite":5,"minecraft:deepslate":28,"minecraft:wall_torch":2},"minecraft:picked_up":{"minecraft:raw_iron":46,"minecraft:crafting_table":4,"minecraft:stick":2,"minecraft:andesite":5,"minecraft:leather":1,"minecraft:torch":18,"minecraft:acacia_log":11,"minecraft:porkchop":6,"minecraft:diorite":5,"minecraft:string":3,"minecraft:dirt":2,"minecraft:raw_copper":3,"minecraft:bone":1,"minecraft:rotten_flesh":1,"minecraft:arrow":3,"minecraft:acacia_planks":18,"minecraft:stone_axe":1,"minecraft:bow":2,"minecraft:cobbled_deepslate":28,"minecraft:beef":3,"minecraft:granite":20,"minecraft:coal":29,"minecraft:acacia_sapling":1,"minecraft:cobblestone":125,"minecraft:furnace":4}},"DataVersion":3465}