{"stats":{"minecraft:custom":{"minecraft:time_since_rest":12000,"minecraft:crouch_one_cm":533,"minecraft:play_time":12000,"minecraft:sprint_one_cm":9894,"minecraft:damage_taken":50,"minecraft:walk_one_cm":20258,"minecraft:sneak_time":97,"minecraft:mob_kills":2,"minecraft:jump":111,"minecraft:damage_dealt":200,"minecraft:time_since_death":12000,"minecraft:total_world_time":12000,"minecraft:interact_with_crafting_table":2,"minecraft:fall_one_cm":3503,"minecraft:fly_one_cm":14770},"minecraft:used":{"minecraft:stone_axe":21,"minecraft:dirt":2,"minecraft:cobblestone":3,"minecraft:crafting_table":1,"minecraft:acacia_sapling":1,"minecraft:wooden_pickaxe":20},"minecraft:killed":{"minecraft:pig":1,"minecraft:cow":1},"minecraft:crafted":{"minecraft:acacia_planks":12,"minecraft:stone_axe":1,"minecraft:crafting_table":1,"minecraft:stick":8,"minecraft:stone_pickaxe":1,"minecraft:wooden_pickaxe":1},"minecraft:mined":{"minecraft:grass":6,"minecraft:acacia_log":11,"minecraft:grass_block":1,"minecraft:acacia_leaves":3,"minecraft:dirt":1,"minecraft:stone":18,"minecraft:crafting_table":1},"minecraft:picked_up":{"minecraft:stick":2,"minecraft:crafting_table":1,"minecraft:leather":1,"minecraft:acacia_log":11,"minecraft:beef":3,"minecraft:porkchop":3,"minecraft:acacia_sapling":1,"minecraft:dirt":2,"minecraft:cobblestone":18}},"DataVersion":3465}