{"stats":{"minecraft:custom":{"minecraft:time_since_rest":9857,"minecraft:interact_with_furnace":12,"minecraft:sprint_one_cm":41478,"minecraft:damage_taken":40,"minecraft:walk_one_cm":41345,"minecraft:mob_kills":34,"minecraft:drop":1,"minecraft:damage_dealt":3095,"minecraft:swim_one_cm":5083,"minecraft:interact_with_crafting_table":5,"minecraft:fly_one_cm":99906,"minecraft:play_time":18000,"minecraft:sneak_time":13,"minecraft:walk_under_water_one_cm":2803,"minecraft:jump":443,"minecraft:walk_on_water_one_cm":4756,"minecraft:time_since_death":18000,"minecraft:sleep_in_bed":1,"minecraft:total_world_time":18000,"minecraft:fall_one_cm":10612},"minecraft:used":{"minecraft:cooked_mutton":1,"minecraft:stone_pickaxe":53,"minecraft:wooden_pickaxe":40,"minecraft:stone_axe":71,"minecraft:dirt":7,"minecraft:cobblestone":6,"minecraft:crafting_table":3,"minecraft:furnace":2,"minecraft:cooked_porkchop":1,"minecraft:white_bed":1},"minecraft:picked_up":{"minecraft:raw_iron":4,"minecraft:crafting_table":3,"minecraft:cooked_porkchop":1,"minecraft:brown_wool":1,"minecraft:porkchop":46,"minecraft:oak_log":24,"minecraft:white_bed":1,"minecraft:dirt":7,"minecraft:wheat_seeds":2,"minecraft:light_gray_wool":1,"minecraft:coal":45,"minecraft:oak_planks":1,"minecraft:mutton":42,"minecraft:white_wool":13,"minecraft:cobblestone":34,"minecraft:furnace":2},"minecraft:mined":{"minecraft:white_bed":1,"minecraft:furnace":2,"minecraft:iron_ore":4,"minecraft:crafting_table":3,"minecraft:grass":6,"minecraft:coal_ore":45,"minecraft:grass_block":1,"minecraft:oak_log":24,"minecraft:dirt":6,"minecraft:cobblestone":3,"minecraft:stone":31,"minecraft:oak_leaves":7},"minecraft:killed":{"minecraft:sheep":17,"minecraft:pig":17},"minecraft:crafted":{"minecraft:oak_planks":20,"minecraft:cooked_porkchop":2,"minecraft:crafting_table":1,"minecraft:stick":12,"minecraft:wooden_pickaxe":1,"minecraft:stone_pickaxe":1,"minecraft:furnace":2,"minecraft:white_bed":1,"minecraft:stone_axe":1,"minecraft:air":0,"minecraft:cooked_mutton":1},"minecraft:dropped":{"minecraft:wheat_seeds":2}},"DataVersion":3465}