{"stats":{"minecraft:custom":{"minecraft:time_since_rest":9188,"minecraft:interact_with_furnace":24,"minecraft:sprint_one_cm":54165,"minecraft:damage_taken":60,"minecraft:walk_one_cm":67785,"minecraft:mob_kills":42,"minecraft:drop":9,"minecraft:damage_dealt":3815,"minecraft:swim_one_cm":5449,"minecraft:interact_with_crafting_table":11,"minecraft:fly_one_cm":144698,"minecraft:crouch_one_cm":2364,"minecraft:play_time":30000,"minecraft:sneak_time":957,"minecraft:walk_under_water_one_cm":2865,"minecraft:jump":682,"minecraft:walk_on_water_one_cm":5269,"minecraft:time_since_death":30000,"minecraft:sleep_in_bed":2,"minecraft:total_world_time":30000,"minecraft:fall_one_cm":17014},"minecraft:used":{"minecraft:cooked_mutton":1,"minecraft:black_wool":2,"minecraft:white_tulip":1,"minecraft:stone_pickaxe":68,"minecraft:wooden_pickaxe":40,"minecraft:torch":2,"minecraft:stone_axe":84,"minecraft:dirt":8,"minecraft:cobblestone":6,"minecraft:crafting_table":4,"minecraft:furnace":5,"minecraft:cooked_porkchop":3,"minecraft:white_bed":3},"minecraft:picked_up":{"minecraft:raw_iron":4,"minecraft:crafting_table":3,"minecraft:cooked_porkchop":1,"minecraft:brown_wool":1,"minecraft:porkchop":58,"minecraft:oak_log":24,"minecraft:white_bed":2,"minecraft:dirt":10,"minecraft:stone_axe":1,"minecraft:wheat_seeds":3,"minecraft:white_tulip":1,"minecraft:light_gray_wool":1,"minecraft:black_wool":2,"minecraft:coal":45,"minecraft:oak_planks":1,"minecraft:mutton":46,"minecraft:white_wool":15,"minecraft:cobblestone":48,"minecraft:furnace":3},"minecraft:mined":{"minecraft:white_bed":2,"minecraft:furnace":3,"minecraft:iron_ore":4,"minecraft:crafting_table":3,"minecraft:grass":7,"minecraft:coal_ore":45,"minecraft:grass_block":3,"minecraft:oak_log":24,"minecraft:dirt":7,"minecraft:cobblestone":3,"minecraft:white_tulip":1,"minecraft:stone":45,"minecraft:oak_leaves":7},"minecraft:killed":{"minecraft:sheep":21,"minecraft:pig":21},"minecraft:crafted":{"minecraft:oak_planks":96,"minecraft:cooked_porkchop":26,"minecraft:shield":1,"minecraft:crafting_table":1,"minecraft:stick":20,"minecraft:iron_pickaxe":1,"minecraft:iron_ingot":4,"minecraft:wooden_pickaxe":1,"minecraft:stone_pickaxe":1,"minecraft:furnace":3,"minecraft:white_bed":1,"minecraft:torch":40,"minecraft:stone_axe":2,"minecraft:air":0,"minecraft:cooked_mutton":25},"minecraft:dropped":{"minecraft:dirt":2,"minecraft:stone_axe":2,"minecraft:wheat_seeds":3,"minecraft:brown_wool":1,"minecraft:light_gray_wool":1,"minecraft:white_wool":12}},"DataVersion":3465}