{"stats":{"minecraft:custom":{"minecraft:interact_with_furnace":32,"minecraft:mob_kills":48,"minecraft:interact_with_crafting_table":12,"minecraft:time_since_death":66000,"minecraft:sleep_in_bed":3,"minecraft:climb_one_cm":3255,"minecraft:time_since_rest":32545,"minecraft:sprint_one_cm":70841,"minecraft:damage_taken":365,"minecraft:walk_one_cm":142693,"minecraft:damage_blocked_by_shield":645,"minecraft:drop":9,"minecraft:damage_dealt":5165,"minecraft:swim_one_cm":5449,"minecraft:fly_one_cm":169328,"minecraft:open_chest":2,"minecraft:crouch_one_cm":13259,"minecraft:play_time":66000,"minecraft:sneak_time":6501,"minecraft:walk_under_water_one_cm":2865,"minecraft:jump":872,"minecraft:walk_on_water_one_cm":5269,"minecraft:total_world_time":66000,"minecraft:fall_one_cm":21437},"minecraft:used":{"minecraft:cooked_mutton":1,"minecraft:white_tulip":1,"minecraft:stone_pickaxe":131,"minecraft:wooden_pickaxe":40,"minecraft:shield":13,"minecraft:torch":22,"minecraft:dirt":8,"minecraft:crafting_table":5,"minecraft:white_bed":3,"minecraft:diamond_pickaxe":91,"minecraft:black_wool":2,"minecraft:iron_pickaxe":250,"minecraft:stone_axe":101,"minecraft:cobblestone":8,"minecraft:furnace":5,"minecraft:cooked_porkchop":6,"minecraft:cobbled_deepslate":32},"minecraft:picked_up":{"minecraft:crafting_table":3,"minecraft:brown_wool":1,"minecraft:oak_log":24,"minecraft:amethyst_block":6,"minecraft:string":1,"minecraft:dirt":10,"minecraft:wheat_seeds":3,"minecraft:cobbled_deepslate":266,"minecraft:raw_gold":9,"minecraft:white_tulip":1,"minecraft:light_gray_wool":1,"minecraft:oak_planks":1,"minecraft:furnace":5,"minecraft:raw_iron":5,"minecraft:cooked_porkchop":1,"minecraft:torch":1,"minecraft:porkchop":58,"minecraft:white_bed":3,"minecraft:redstone":157,"minecraft:diamond":18,"minecraft:stone_axe":1,"minecraft:granite":11,"minecraft:black_wool":2,"minecraft:mutton":46,"minecraft:coal":62,"minecraft:white_wool":15,"minecraft:cobblestone":80},"minecraft:mined":{"minecraft:deepslate_redstone_ore":34,"minecraft:white_bed":3,"minecraft:deepslate_diamond_ore":18,"minecraft:crafting_table":3,"minecraft:granite":11,"minecraft:grass_block":3,"minecraft:cobblestone":4,"minecraft:deepslate_gold_ore":9,"minecraft:amethyst_block":6,"minecraft:furnace":5,"minecraft:cobbled_deepslate":1,"minecraft:iron_ore":4,"minecraft:grass":7,"minecraft:oak_log":24,"minecraft:coal_ore":45,"minecraft:deepslate_iron_ore":1,"minecraft:dirt":7,"minecraft:stone":76,"minecraft:white_tulip":1,"minecraft:oak_leaves":10,"minecraft:deepslate":290},"minecraft:killed":{"minecraft:pig":21,"minecraft:spider":3,"minecraft:sheep":21,"minecraft:zombie":3},"minecraft:crafted":{"minecraft:oak_planks":96,"minecraft:cooked_porkchop":43,"minecraft:crafting_table":2,"minecraft:wooden_pickaxe":1,"minecraft:furnace":3,"minecraft:stone_axe":2,"minecraft:cooked_mutton":28,"minecraft:air":0,"minecraft:diamond_pickaxe":1,"minecraft:shield":1,"minecraft:stick":24,"minecraft:iron_ingot":4,"minecraft:iron_pickaxe":1,"minecraft:stone_pickaxe":1,"minecraft:white_bed":1,"minecraft:torch":40},"minecraft:dropped":{"minecraft:stone_axe":2,"minecraft:wheat_seeds":3,"minecraft:light_gray_wool":1,"minecraft:dirt":2,"minecraft:brown_wool":1,"minecraft:white_wool":12},"minecraft:broken":{"minecraft:stone_pickaxe":1,"minecraft:iron_pickaxe":1}},"DataVersion":3465}