{"stats":{"minecraft:custom":{"minecraft:time_since_rest":8152,"minecraft:interact_with_furnace":7,"minecraft:sprint_one_cm":18368,"minecraft:damage_taken":505,"minecraft:walk_one_cm":55518,"minecraft:mob_kills":3,"minecraft:damage_dealt":552,"minecraft:swim_one_cm":203,"minecraft:interact_with_crafting_table":7,"minecraft:fly_one_cm":21488,"minecraft:crouch_one_cm":4636,"minecraft:play_time":24000,"minecraft:deaths":1,"minecraft:sneak_time":1951,"minecraft:walk_under_water_one_cm":245,"minecraft:jump":234,"minecraft:walk_on_water_one_cm":819,"minecraft:time_since_death":8077,"minecraft:total_world_time":24000,"minecraft:fall_one_cm":9267},"minecraft:used":{"minecraft:stone_pickaxe":96,"minecraft:wooden_pickaxe":27,"minecraft:stone_axe":30,"minecraft:torch":1,"minecraft:dirt":2,"minecraft:cobblestone":3,"minecraft:crafting_table":4,"minecraft:furnace":3,"minecraft:acacia_sapling":1,"minecraft:granite":1},"minecraft:killed":{"minecraft:skeleton":1,"minecraft:pig":1,"minecraft:cow":1},"minecraft:crafted":{"minecraft:crafting_table":2,"minecraft:stick":16,"minecraft:iron_ingot":4,"minecraft:wooden_pickaxe":2,"minecraft:stone_pickaxe":2,"minecraft:furnace":4,"minecraft:acacia_planks":12,"minecraft:torch":16,"minecraft:stone_axe":2,"minecraft:air":0},"minecraft:mined":{"minecraft:acacia_leaves":3,"minecraft:iron_ore":11,"minecraft:glow_lichen":1,"minecraft:crafting_table":3,"minecraft:granite":8,"minecraft:grass":6,"minecraft:acacia_log":11,"minecraft:grass_block":1,"minecraft:coal_ore":29,"minecraft:dirt":1,"minecraft:copper_ore":1,"minecraft:stone":71,"minecraft:wall_torch":1},"minecraft:picked_up":{"minecraft:raw_iron":14,"minecraft:crafting_table":4,"minecraft:stick":2,"minecraft:leather":1,"minecraft:torch":16,"minecraft:acacia_log":11,"minecraft:porkchop":6,"minecraft:dirt":2,"minecraft:raw_copper":3,"minecraft:arrow":2,"minecraft:acacia_planks":18,"minecraft:stone_axe":1,"minecraft:bow":1,"minecraft:beef":3,"minecraft:granite":16,"minecraft:coal":29,"minecraft:acacia_sapling":1,"minecraft:cobblestone":76,"minecraft:furnace":4}},"DataVersion":3465}