{"stats":{"minecraft:custom":{"minecraft:interact_with_furnace":32,"minecraft:mob_kills":42,"minecraft:interact_with_crafting_table":12,"minecraft:time_since_death":54000,"minecraft:sleep_in_bed":3,"minecraft:time_since_rest":20545,"minecraft:sprint_one_cm":54340,"minecraft:damage_taken":110,"minecraft:walk_one_cm":85887,"minecraft:damage_blocked_by_shield":180,"minecraft:drop":9,"minecraft:damage_dealt":3815,"minecraft:swim_one_cm":5449,"minecraft:fly_one_cm":144785,"minecraft:crouch_one_cm":9753,"minecraft:play_time":54000,"minecraft:sneak_time":5189,"minecraft:walk_under_water_one_cm":2865,"minecraft:jump":712,"minecraft:walk_on_water_one_cm":5269,"minecraft:total_world_time":54000,"minecraft:fall_one_cm":19556},"minecraft:used":{"minecraft:cooked_mutton":1,"minecraft:white_tulip":1,"minecraft:stone_pickaxe":131,"minecraft:wooden_pickaxe":40,"minecraft:shield":1,"minecraft:torch":12,"minecraft:dirt":8,"minecraft:crafting_table":5,"minecraft:white_bed":3,"minecraft:diamond_pickaxe":24,"minecraft:black_wool":2,"minecraft:iron_pickaxe":250,"minecraft:stone_axe":86,"minecraft:cobblestone":8,"minecraft:furnace":5,"minecraft:cooked_porkchop":3,"minecraft:cobbled_deepslate":11},"minecraft:picked_up":{"minecraft:crafting_table":3,"minecraft:brown_wool":1,"minecraft:oak_log":24,"minecraft:dirt":10,"minecraft:wheat_seeds":3,"minecraft:cobbled_deepslate":249,"minecraft:white_tulip":1,"minecraft:light_gray_wool":1,"minecraft:oak_planks":1,"minecraft:furnace":5,"minecraft:raw_iron":4,"minecraft:cooked_porkchop":1,"minecraft:torch":1,"minecraft:porkchop":58,"minecraft:white_bed":3,"minecraft:redstone":20,"minecraft:diamond":17,"minecraft:stone_axe":1,"minecraft:granite":11,"minecraft:black_wool":2,"minecraft:mutton":46,"minecraft:coal":62,"minecraft:white_wool":15,"minecraft:cobblestone":80},"minecraft:mined":{"minecraft:deepslate_redstone_ore":4,"minecraft:white_bed":3,"minecraft:deepslate_diamond_ore":17,"minecraft:crafting_table":3,"minecraft:granite":11,"minecraft:grass_block":3,"minecraft:cobblestone":4,"minecraft:furnace":5,"minecraft:cobbled_deepslate":1,"minecraft:iron_ore":4,"minecraft:grass":7,"minecraft:oak_log":24,"minecraft:coal_ore":45,"minecraft:dirt":7,"minecraft:stone":76,"minecraft:white_tulip":1,"minecraft:oak_leaves":10,"minecraft:deepslate":270},"minecraft:killed":{"minecraft:pig":21,"minecraft:sheep":21},"minecraft:crafted":{"minecraft:oak_planks":96,"minecraft:cooked_porkchop":43,"minecraft:crafting_table":2,"minecraft:wooden_pickaxe":1,"minecraft:furnace":3,"minecraft:stone_axe":2,"minecraft:cooked_mutton":28,"minecraft:air":0,"minecraft:diamond_pickaxe":1,"minecraft:shield":1,"minecraft:stick":24,"minecraft:iron_ingot":4,"minecraft:iron_pickaxe":1,"minecraft:stone_pickaxe":1,"minecraft:white_bed":1,"minecraft:torch":40},"minecraft:dropped":{"minecraft:stone_axe":2,"minecraft:wheat_seeds":3,"minecraft:light_gray_wool":1,"minecraft:dirt":2,"minecraft:brown_wool":1,"minecraft:white_wool":12},"minecraft:broken":{"minecraft:stone_pickaxe":1,"minecraft:iron_pickaxe":1}},"DataVersion":3465}