{"stats":{"minecraft:mined":{"minecraft:spruce_log":17,"minecraft:dead_bush":1},"minecraft:picked_up":{"minecraft:stick":1,"minecraft:spruce_log":17},"minecraft:dropped":{"minecraft:stick":1},"minecraft:custom":{"minecraft:jump":42,"minecraft:time_since_rest":4471,"minecraft:leave_game":1,"minecraft:crouch_one_cm":45,"minecraft:damage_taken":20,"minecraft:sprint_one_cm":2480,"minecraft:play_time":4471,"minecraft:time_since_death":4471,"minecraft:walk_one_cm":1633,"minecraft:sneak_time":106,"minecraft:total_world_time":4471,"minecraft:drop":1,"minecraft:fall_one_cm":2839,"minecraft:fly_one_cm":69871},"minecraft:used":{"minecraft:netherite_axe":17,"minecraft:dirt":4,"minecraft:bone_meal":3,"minecraft:spruce_sapling":4}},"DataVersion":3465}